comments,sentiment
"Tôi ko hay cà phê để giảm bớt 1 đuôi “in”. Tôi lại hay Nicotin- bỏ nhiều lần ko được. Chúc A khỏe , thành công trong CS !",2
Ông này giọng nhẹ nhàng dễ nghe mình rất thích. Mỗi tội nhiều video review mà ko có sản phẩm thực tê trên tay.,2
Máy cháu mất vân tay😢,2
"11 pro nhỏ gọn, cơ bản vẫn ok",2
Se2020 với Se2022 thì sao anh Dương? Mua về làm máy nghe gọi cơ bản được ko?,1
Tôi mà uống Cà phê huyết áp tăng lên 190/110 ngay,2
hình như lên ios 26 nghe vid của anh ko bị lúc lớn lúc nhỏ nữa,2
Đường Đê nói không hơn iphone là ảo tưởng rồi,0
Em dùng 8 Plus cx bị nè,2
Anh Dương ơi em cần 1 chiếc điện thoại có camera zoom 100x trong tầm giá 10tr chính hãng thì có con nào không anh em chúc kênh ngày càng phát triển ạ,2
Anh dương ơi tôi theo kênh của anh anh có thể hướng dẫn hoặc mua hộ tôi chiếc sam sung a56 màu hồng nhạt được không nếu mua qua kênh của anh thì giá sẽ ra sao,2
IP air thế hệ tiếp theo chỉ cần trang bị loa kép & camera kép là rớt lúa liền. Còn Pin yếu thì có sạc dự phòng lo.😂😅,2
Anh cho em hỏi ạ iPhone 14  mua esim hay có sim ạ mong anh cho em lời khuyên ạ,2
Giờ mua ip cũ thì khuyên thật bét nhất phải 13 chứ bọn 11 12 không đáng cùng tiền 2 con này mua android cho sướng,0
"Tiết kiệm thì nhiều, bỏ sạc, bỏ tai nghe, hộp nhỏ ,rồi vận chuyển giảm, vậy mà giá thành không được giảm theo chút nào. Nếu tất cả giúp cho giá thành của sản phẩm được giảm, thì nói gì ai cũng nghèo... Còn lại tào lao.",0
"năm nay ram,ssd,cpu,ip tăng giá lắm lun",1
"chú ơi ip6s cháu đang dùng bao năm nx thì các phần mềm ,ứng dụng ngưng hổi trợ v cháu chủ yếu xem zalo với cày phim thôi ạ cháu chủ yếu dùng laptop. thanks chú",1
"Tài chính mình dưới 10tr không thể cố thêm, nhu cầu chụp ảnh ( chủ yếu chụp người ), thỉnh thoảng liên quân, tốc chiến.",1
Cách bảo vệ môi trường tốt nhất là apple chuyển sang type C để xài sạc của hãng khác 😂,2
"xsmax với  11 series làm máy phụ cho app ngân hàng với nhắn tin vẫn ngon a ạ, nó nhỏ gọn cầm thích vãi, nếu không có tiền mua 17 air =))))",2
Chưa thấy anh dương trả lời xem. Mua máy android dựng sẽ gặp những vấn đề gì khi sử dụng ạ. Mong anh tư vấn em tính mua android dựng hiệu năng cao,1
Anh cho em hỏi em đang phân vân con s25 ultra và iphone 14pro max máy cũ thì con nào đáng mua hơn ạ em cảm ơn ạ,2
"con xin chào chú ạ. Chúc kênh chú ngày càng phát triển
Con đang dùng S21fe bị 2 sọc màn hình đã thay màn hình hãng mà vẫn bị sọc, con đang phân vân nên đợi S26ultra ra mắt để mua hay là nên mua S24ultra ạ ? 
Con cám ơn chú",1
"A tư vấn giúp e con máy tầm giá 15tr quay đầu, nhu cầu chủ yếu là chụp hình + chơi game ( game nhẹ )… máy mới nha a. Chúc a một ngày tốt lành❤",2
Của hàng sop đăng có ở bình dương không anh giờ dt 17 bao nhiêu tiền anh có thế cho tôi biết được không anh,2
"Em đang phân vẫn giữa 2 con máy Xiaomi 15t pro và ip 16e ạ, giá cũng ngang ngang nhau nên cũng đang kiếm làm máy chính ạ, ít chụp và game nhẹ ạ",2
Cảm ơn bạn . Rất có tâm,2
em định lấy honoz magic 6 pro  làm đt chính thấy tik tok mấy bài treo logo đột tử nên rén mong ah tư vấn ạ 😢😢😢😢,2
Đúng thật luôn . Mỗi lần mở vân tay cáu vđ luôn,0
"Xài còn ngon chán, ông CTY xài 6splus 7 năm rồi",2
ip15 thuờg làm máy phụ có ngon k a . máy chíh e dùg la 17promax,2
"Xem xong mới biết, không phải iPhone nào cũng đáng tiền! Cẩn thận chọn đời cũ mà lại hỏng nhanh thì tiền mất tật mang",0
ok,2
E đang dùng iphone 12  pro dùng hai ba năm tới ok k mn,2
Đùa chứ mới check giá iphone cũ tăng 1-2tr xong tới black friday cái giảm về giá ban đầu??? Làm vậy chi z ko muốn giảm đâu ai ép sale đâu,0
Anh Dương cho em hỏi trước bằng giá thì 16e < 15 nhưng bâyh săn sale 16e có 13tr2 thôi thì a đánh giá như thế nào ạ p/p ổn không ạ,2
"tôi vẫn dùng  7plus  vẫn chuyển khoản, lướt facebook, tiktok.zalo,, yutube mượt mà. nhược điểm nhanh hết pin..với tôi thấy nó vẫn đáp ứng được",2
"Mới mua ip 6s 128gb giá 1,3tr ở cửa hàng gần nhà. Thấy vẫn dùng đc. Nghe gọi ngân hàng xem youtube ngon lành. Mình cũng chỉ cần có thế :D",2
"có phải ai cũng có tiền như ông đâu? ông về các vùng quê xem mấy ông u50, u60, u70 xem họ dùng điện thoại gì?????",0
"Cái vân tay xử lý cực đơn giản, chỉ cần bạn dán 1 lớp băng dính trong lên vân tay là ok",2
Thời điểm hiện tại Iphone 13 có còn đáng mua ko anh. Em mới chuyển từ android qua ios nên muốn ưu tiên mua hàng mới ạ,2
"Em chào anh Dương và ekip ạ 
Anh Dương cho em hỏi thời điểm này mua s23 ultra có nên mua không ạ? Và hiện tại còn máy mới không ạ
Em cảm ơn anh chúc anh và ekip nhiều sức khỏe ạ",2
Mình vẫn dùng 8plus từ 2020 đến giờ fb mess lq ff setting thấp vẫn ổn còn tiktok quay vd là nóng rang,1
"Anh Dương Dê làm câu hỏi: ""Vì sao các flagship dòng Ultra của các hãng OPPO, Vivo, Xiaomi.... thường dùng chip Snapdragon hơn mà không phải là Dimensity?"" đi anh",0
"Nhà t 2 trường phái, t samsung còn vợ thì iphone nên mua cái mới là để lại cái cũ cho con xài. Bé lớn 6t xài ip8 plus của vợ để lại, còn gái nhỏ  4t hơn xài s20 5g 😂😂",2
"nên mua s25 ultra hay 16 promax đây ạ em phân vân quá, e thì chưa từng sử dụng iphone bao giờ nên đang nghiêng về s25 hơn ạ",1
A Dương cho hỏi thời điểm từ giờ đến tết thì lúc nào mua iPhone cũ 99% với giá tốt nhất ạ?,2
Em chào anh Dương ạ. Chúc anh và các anh em trong team nhiều sức khỏe ạ. SS A56 có ram 8gb và rom 128gb thì trong vòng 2 3 năm nữa liệu có đuối so với những điện thoại khác không ạ? Em muốn mua A56 để trải nghiệm nhưng em thích bản 12gb-256gb hơn ạ. Em xem trên shopee mall của samsung có bán bản 12gb nhưng yêu cầu chuyển khoản hết trước khi nhận hàng. Vậy theo anh em có nên mua không ạ? Mong anh tư vấn. Em cảm ơn ạ,1
"Cháu chào chú, cháu xin phép hỏi chú 2 câu. Cháu muốn mua điện thoại hàng xách tay thì nên mua ở cửa hàng nào ạ? Và điện thoại hàng xách tay nếu mang ra các cửa hàng như cellphone S hay thegioididong có đc sửa ko ạ?
Cháu cảm ơn chú, cháu chúc chú mạnh khỏe ạ.",1
Bỏ cái C củ xạc chả phải để bảo vệ môi trường đâu chiến lược kinh doanh của họ thôi,0
Mik thích nhất thanh toán mọi thứ trên face id cực tiện😊,2
GIỜ NHIỀU ĐỨA BỆNH SĨ VẪN MUA XONG RỒI BẢO NGHE GỌI BỀN VÀ KÊU ĐEM ANDROID CÙNG NĂM RA SO,0
Vẫn đang dùng 7plus máy phụ cùng với 16prm máy chính . Thay quả pin dung lượng cao dùng chạy mướt mườn mượt,2
"góc siêu quá đáng : anh Dương ơi cho em hỏi có con điện thoại tầm 15 triệu mà chơi game siêu tốt camera đủ dùng khung viền kim loại chắc chắn bền ,cập nhật lâu dài yên tâm dùng tốt 5 năm ít nhất 256 gb 512 gb thì quá tốt không bị lỗi 5g ở Việt Nam , không chậm thông báo mong anh tư vấn ạ",2
iPhone thì nên mua iPhone 13 trở lên,2
iPhone nào dùng chip A12 trở xuống thì nên bỏ nha tại vì không được lên iOS 26 = lạc hậu,0
Đang phấn đấu Note 10plus của mình mua 2020 thêm đc 2 năm nữa 😊,2
Thời điểm nào mua S24Ultral giá rẻ nhất vậy Anh Dương?,1
"Không có củ sạc thì cần hộp làm gì, nhét vào túi chống sốc thôi là được rồi",1
Ip17 thường thì nên mua cục sạc chính hãng 20w hay cục 35w nhỉ,1
"Anh tư vấn giúp e ip15 pro max với ip 17 nhu cầu sử dụng bình thường muốn sử dụng lâu dài 
Chúc anh và ekip nhiều sức khỏe",2
"Anh Dương hãy gợi ý những mẫu điện thoại từ 10tr - 15tr. Android, ưu tiên máy cũ vì công năng / tiền đáng hơn, công việc xây dựng. Ưu tiên camera đẹp, bộ nhớ 512gb, không trễ thông báo vì dùng Zalo rất nhiều, hỗ trợ thêm AI thì càng tốt vì cần viết mail báo cáo, check email nhiều. Tác vụ văn phòng. 
Cám ơn anh Dương. Gợi ý cửa hàng bán điện thoại cũ uy tín, ở HCM nhé anh
😘",2
Vân tay 7 plus cực kỳ ngon nha,2
"Mình toàn dùng tiền mặt,có tài khoản có rút sài tiền mặt😂",2
T,2
Dương ơi tầm này có nên mua 15prm k nhu cầu của mình chỉ dùng bthuong k chơi game,2
"Là người đang dùng iphone 7plus và đang cmt bằng 7plus thì xin đc phản biện như sau:
1. Vân tay chỉ khó nhận khi ướt ngón tay kiểu dính nước chứ ra mồ hôi tay nhận bình thường. 10 lần trượt 9 thì hơi quá.
2. Không có 5G, ok chuẩn
3. Pin đuối lắm chứ ko phải hơi đuối
4. App bank dùng vcb, tech, vib, bidv vẫn được bình thường chưa thấy có vde gì.

Tuy nhiên vẫn khuyên các bạn đừng mua 7,8 nữa. Mình dùng do nó vẫn còn chạy được và không có nhu cầu khác thôi chứ bảo mua bây giờ không thì không!",0
Được lên sóng rùi. Cảm ơn a nhé. Hihi,2
"Tôi uống cf cả ngày lẫn đêm 😂
Quen rồi chả thấy sao
Uống bò húc còn mất ngủ 😂",2
"Chú ơi tầm 12tr mua 15 thường 99% có ok ko ? Nhu cầu bình thường, chơi game nhẹ, máy ít nóng và nhỏ gọn. Cháu là sv ạ",1
Anh ơi cho em hỏi em mua đt 16prm check ra 1978 sử dụng tháng 4 năm 2025 sạc 70 lần pin 100 nhưng tại sao lại hết bảo hành trong khi chưa đủ 12 tháng vậy anh,2
"năm 2019 tôi bỏ 24 triệu ra mua iphone 11 thường. năm nay 2025 dùng vẫn mượt, pin vẫn trâu",2
Mình dùng ss note 8 dùng gần 5 năm . chỉ mỗi pin hẻo thôi chứ ko lag bao h 😂,1
thế cùng thời với con iphone 11pro max là máy nào. giờ iphone 11 pro max vẫn dùng ok đấy thôi :)),2
"T đang sai redmi note 9 pro 5 năm rồi vẫn chơi vl2 bt có lag đâu ra , thằng e nó sai ip 7pl mà còn lag hơn máy t chứ , ở đó mà nó chê androi",0
Giờ 10 máy triệu vẫn lớn 😂,2
Android muốn muợt thì cứ tầm trung cận cao cấp trở lên mà sài là ok.,0
vẫn đang dùng galaxy note 8 🤣🤣🤣,2
"Bây giờ  chip android ngày càng hỗ trợ lâu dài, càng ngày càng mạnh hơn. Iphone dc cái giao diện nên thấy mượt chứ vào sử dụng tác vụ nặng thì thấy nặng liền. Con iphone 7 giờ đóng mở app mượt sunsilk trong khi 1 số con android 4tr là lag r. Nhưng thử vào chiến game xem bik ai lag hơn",2
Nể mấy tk i phân mù lòa công nghệ nó nói câu dù adr có cao cấp đến đâu cx k dùng k bằng i phân😂,2
"Còn 1 lý do nửa ko thấy anh Dương nói nhỉ ? Android nó là hệ điều hành mở , mã nguồn mở nên nhiều app không thiết kế tối ưu, dễ bị xung đột do đó nên càng lâu nó sẽ càng yếu do tích tụ nhiều rác. Ít cập nhật, phần cứng tối ưu vs phần mềm chưa tốt
Iphone thì hệ điều hành khép kín nên mọi thứ nó tối ưu sẵn rồi có thế bạ vô mà xài thôi, không phải nghĩ 😅 Nó tối ưu tốt vs phần cứng, nó quản lý ứng dụng nạp vào tốt, it rác và không bị phân mãnh",2
Em dùng con s10lite 5 năm nay r chs genshin st trung vẫn mượt đét😂😂,2
"Chà, có lẽ mn nên xem các loại điện thoại cùng giá để so sánh. Cần tìm hiểu cả tính tích cực và tiêu cực của từng dòng điện thoại. Hãng điện thoại giá rẻ thì trung quốc có nhiều nhưng độ bền thì không biết. vì đôi khi cấu hình không chính xác so với thông số nó đưa ra. Còn hãng cao cấp thì có Mỹ, Trung Quốc, Nhật,… đều có hãng cả. Nói chung nếu có tiền thì mua điện thoại iphone là đảm bảo cả tính năng lẫn bảo mật, trừ pin ra. Còn mua rẻ thì mình cũng mua 1 con moto g power 5g 2024 (Mỹ) bản like new có 2,4 tri thôi. Dùng vẫn tốt, thông báo vẫn nhận kịp thời, có chế độ nền riêng, tối ưu tốt",2
Đơn giản là Tàu nó dư sức sản xuất những chiếc điện thoại có khi còn ngon hơn iphone nhiều. Nhưng nếu với cái mức giá vài chục củ như iphone thì doanh số của nó bán đc cho bao nhiêu người. Như nhiều thanh niên nói mình mua con xiaomi 15 Ultra là phí và dư tiền nhưng khi đã dùng đi mới thấy cái chất lượng như thế nào....!,0
"Cần gì so con andoid 20 củ. Mình mua cũ con LG Velvet có gần 6 củ dùng gần 4 năm rồi vẫn mượt mà mát mẻ, máy trần làm rơi không xi nhê. Trong khi con ip trước đó mua mới 20 củ được 6 tháng lỗi sạc phải bảo hành, 12 tháng ra đi do làm rơi dù đeo ốp chống sốc đàng hoàng. Mà 20 củ 5 năm trước nó gấp mấy lần 1 chỉ vàng. Cảm thấy quá phí phạm khi mua ip.",0
T dùng lg g8 mua có 2tr chip 855 còn chiến game ngon hơn 11 nhiều..IP cập nhật iOS càng lên càng nóng và tụt độ sáng,0
"thời điểm hiện tại mua xiaomi 13 pro cũ còn hợp lý không ạ, a tư vấn cho em thêm vài con cung tầm giá cam đẹp với hiệu năng tương tự với ạ",2
"Android 3.5 triệu sài 5 năm chưa hư, máy vẫn mượt mà, nuột nà, sài con Nokia 6.1 plus tới giờ chưa hỏng hóc, mới chỉ thay pin 1 lần😂😂😂",2
"Trước đây cả nhà mình toàn xài android giá máy mới tầm 5-10tr, từ khi mình chuyển qua xài iphone máy cũ cũng tầm giá đó thì ko quay lại android nữa, và cả nhà mình cũng đã chuyển sang xài ip hết, đồng ý là android flaship sẽ khác, sẽ mạnh, sẽ bền ko lag nhưng với tầm giá dưới 10tr thì iphone máy cũ vẫn rất mượt còn android tầm đó thì máy mới ko có cửa, còn máy cũ thì càng ko nên mua android vì theo mình thấy tuổi đời tầm 5 năm chở lên thì ip vẫn còn mượt, adroid thì xem như bỏ, mình đã từng mua 1 con android máy cũ flaship dưới 5 năm về xài 2 năm là ko chạy nổi 😂",0
"Riêng tôi thì thấy ai có tiền thích mua gì thì mua đấy theo sở thích , không hiểu sao mọi người cứ sân si rồi áp đặt cái sở thích của mình lên người khác , trong khi sở thích khác nhau mà tiền thì cũng của riêng , ví dụ cho người khác tiền mua thì hẵng nói nhau chứ đây vẫn sân si nhau được , có phải là hơi quá k",2
"Tào lao thật, review con đến điện thoại nào cũng nói là của mình đang dùng, Bó tay ông dương dê",0
Xài 1820 đc 6 năm mà vẫn xài đc nhưng lướt fb yt hay chiến mấy game như ff lq cx ổn,1
Noi chung là bạn là người dùng phổ thông bạn xài iPhone còn bạn thích mới lạ thích công nghệ đi trước thì bạn chọn android thế cho nhanh,0
"Tui mua con rog6 chính hãng hồi đó hơn 20tr bản xịn nhất, từ 2023 đến giờ nhưng tui tự tin con đt mình xét về loa, màn hình và chơi game thì mấy con 16-17 chưa đủ tuổi nói chuyện, thua ip mỗi cái camera",0
Có mấy ông đem con android rẻ tiền tầm 7-8 triệu mà đi so vs con iPhone mấy chục triệu rồi kiêu android lag hơn thế thì cx chịu luôn thử so mấy con android ngang giá đi có khi iPhone cũng không có tuổi,0
Sony dùng lành thì 1m2,1
"Câu hỏi đầu tiên là điêu nhất từ trước tới giờ, mà ông dương bảo đúng 😂",2
"Trộm vía, e dùng con redmi note 9 được 5 năm rồi mà vẫn rất ok ạ. Mà có 4 triệu thôi ạ.",2
Đang sài k70 pro k có j để chê,2
"android cũng android this android that :))) dùng Samsung thì k có gì để chê luôn, còn mấy quả máy tàu thì khó nói, chậm thông báo chưa nói, xài lâu thực sự cũng lag thật. Nói chung điện thoại mà cao cấp thì 1 iPhone 2 Samsung chứ dòng Xiaomi con 17 pro max thấy có report xài đc vài ngày bị đơ màn lỗi cam, con huwei gập 3 để lâu ko xài bị lỗi giọt mực, nói chung là tụi máy tàu tụi nó muốn chạy đua lợi nhuận với thời gian nghiên cứu ngắn và xuất phát điểm sau các hãng cũ, kiểu gì cũng sẽ có lỗi thôi. máy tầm trung thì lại ngon, lỗi hỏng thì vứt mua máy mới là được. máy tầm cao thì rủi ro",0
4 5tr giờ hốt dc 8gen r,2
Mấy con cao cấp adroi thì chiến chục năm vẫn cứ gọi là oke do mấy ông sài androi giá rẻ xong quoàng sang chê mấy con androi đắt tiền ko hiểu thế sao iphone đắt tiền lại không chê đi,2
"Thật sự IP chả có cửa so với android đâu, toàn mấy bà thím + tụi con gái biết mẹ gì đâu cứ bị nó dắt nghĩ ip là sang là xịn. Chắc cả đời chưa cầm nổi con android cao cấp 😂😂😂 So sánh cam củng dung lượng hiệu năng android đều hơn hẳn trong tầm giá cả, ip hơn cái là hệ sinh thái và độ bền của nó đấy. Nhưng thử đặt một câu hỏi, giữa hàng loạt mẫu mã mới ra mắt, cái độ bền đấy của ip có xài được chăng? Khi mà người người đổ xô nhau mua loại mới, hàng mới ra? Thật sự cái ip thắng android chỉ có mỗi 2 cái đấy thôi. Nhưng lại tự bóp chính mình vì lũ lượt ra đống đời mới, mà tâm lý người xài ip thì ae hiểu rồi cần gì bàn luận nhiều, thành ra chả có gì hơn android cả",0
iPhone chì làm YouTube đẹp..,2
Sony nóng thôi rồi ra dường nóng quá còn k mở bank lên dk,0
"Bỏ cái suy nghĩ cứ phải iphone mới bền đi
Đi đem 1 con máy 2tr so vs 1 con máy 20 triệu thì nói làm gì
Nói thẳng luôn, con 11 pro max đem so với con one plus ace 3v mà tôi đg dùng nó gần như thua về mọi mặt từ cam, bộ nhớ, sạc, pin, cấu hình 2 con xêm xêm nhau chứ chả con nào hơn con nào mà trong khi đấy con 1+ ace 3v của tôi có hơn 6 triệu trong khi con iphone 11 giờ mua ít cũng phải trên 7 triệu",0
"Chuẩn luôn này! Giá iphone lúc nào cũng dạng cao cấp và tụt giá nhanh, còn android có những con xuất phát điểm 2 3tr nên so sánh phải so sánh ngang bằng! chuẩn chuẩn đấy",2
"sao không so sánh iphone 11 với samsung A33 nè, chơi cùng 1 game tam quốc huyễn tưỡng đại lục , iphone 11 lag, mà lag kinh, còn hơn samsung A33 5g còn thua thằng A16 5g nữa ấy, đang sài nên biết đây, so vậy đi ha😆",0
ip 30tr phải so với s26 ultra,2
Đơn giản chơi liên quân múa con nak 60fps trên ip nó vẫn khác múa con nak 120fps trên adr.,1
"đang dùng oppo find x8p luôn, 4 5 năm nữa vẫn vô tư",2
Với mình iphone hợp để giải trí cơ bản lướt web ngân hàng bảo mật còn xác định chơi game nặng thì dùng android đời cao còn về vấn đề iphone mượt vào app nhanh thì đúng nhưng có tác dụng gì ko khi vào app nhanh nhưng dùng một lúc thì văng ra ngoài máy nhanh nóng,1
rd 12turbo dùng 3 năm r đánh game vẫn maxsetting chx thấy dấu hiệu lag 🐸,2
"Vẫn đang xem video bằng con iphone SE 2016. Giá giờ mua chắc nó khoảng hơn 1tr. Và t vẫn dùng nó làm máy chính@. Tất nhiên một số ứng dụng không còn hỗ trợ ios dưới 16 thì không tải được. Nhưng cơ bản vẫn đáp ứng được. Thiết nghĩ với android thì không có con nào dùng ổn với tầm giá đấy được lâu thế.
Còn cận cao cấp thì không rõ.",1
Còn đang sài s8 vẫn ngon lành mượt mà,2
"Nói thật chứ , từng là hệ sinh thái xiaomi mua từ đt xiaomi tầm trung đến flagship kể cả đồ gia dụng và điện tử và từng anti apple , nhưng một tg xài xiaomi mi8 k bt do độ bền tg andr kém đi hay hđh lỏd nên máy lag đa nhiệm k mượt đôi khi xem ytb còn bị outapp nào xài đến tháng 6 2022 là phải đổi rồi xuống cấp thử 8 plus từ đó ưng luôn phải công nhận quá giỏi về tối ưu animation   , bù tí lên xr xài 3 năm liền vẫn ngon ít lag , sau này hiểu sai quá nhiều về đồ apple phải công nhận apple nhiều ng mua v giá trị thương hiệu cao như vậy",2
"còn dùng s9 mỹ dùng  cơ bản vẫn thấy  ok mà,, thỉnh thoảng  làm 3 hoặc 4 trận liên Quân, vẫn  chơi dc ok",1
"thật sự nếu dùng flagship cao cấp của androi rồi thì cho không iphone để làm máy chính thì phải cân nhắc đấy, thậm chí chê luôn. Chả thua thiệt gì iphone thậm chí nhiều thứ quá vượt trội về pin, sạc, tiện ích, độ cập nhật công nghệ, ... mà giá chỉ bằng 1 nửa với 1/3 so với iphone. Hài cái là ifan thì hay lấy mấy con hàng thấp, trung cấp vài triệu của androi ra rồi quy chụp bảo máy androi giật lag, tã, ... thì cũng đến hài",2
tắt hết hoạt ảnh đi hết lag,0
ip chơi game cùng đồ hoạ nóng lag vãii,0
Tui sài redmi not 8 pro vẫn mượt đây,2
a Dương nói đúng mấy thánh nói androi lag thì toàn dùng mấy con giá rẻ k thử sài dòng cao đi r thấy lag k 😄😄😄😄😄😄😄😄,2
Thằng em trai mình sài con s21+ tới giờ cũng còn đánh LQ ầm ầm nè,2
"Nói chung ai sợ mất điện thoại, IPhone bảo mật cao, ai làm mạng xã hội quay video thì nên dùng IPhone. Chứ mình có ông bạn chạy grab giống mình bình thường thì dùng androi đi đâu tiệc gì đó thì mới mang IPhone, IPhone ông bọc kỹ lắm, mình thấy lãng phí. Chạy Grab nên chạy Sam và Oppo, IPhone phí quá. Mình có con Xiaomi 10s dùng tới giờ vẫn ngon, nhưng chạy Grab ko dc trời nắng nó lag . Mình thấy anh em chạy Grab thường chọn Samsung với Oppo. Mình thấy sài đơn giản sài đt thoại tàu là ngon nhất pin trâu, sạc nhanh, phụ kiện đầy đủ hơn, có máy còn tặng ốp lưng.",0
sài iphone riết quen luôn rồi,2
E vẫn xài con poco x4 Gt từ 2022-2025 vẫn chiến Pubg vẫn bình thường 😂 mỗi tội không được màn AMOLED như các dòng cao khác poco x4 Gt giá 7tr6 cellphones,2
"Kênh anh Dương Dê thực sự là rất bổ ích, không chỉ cung cấp nhiều thông tin về sản phẩm cho người sử dụng mà còn giúp cho người bán hàng học hỏi được tư vấn",2
Mấy con huawei chẳng hiểu sao ngon v,0
Nếu mà huawei đang còn như lúc hoàng kim thì mình sẵn sàng bỏ iphone để mua Huawei để dùng 3:16,2
Điển hình như sony 1m2 với ip11prm của tôi hiện tại nghe thì nói thì sony bóp nhưng đối với người chơi game hệ cày cuốc như mình thì mình thấy sony 1m2 hơn hẳn khi chơi tryhart cày nhiều giờ vơi cấu hình all cực cao/60fps thì sony nó mượt mát hơn. 11prm thì cũng ok như 15 phút sau nóng và tung chảo liền .. giờ 11prm tôi chỉ dung nghe gọi game thì 1m2 nhưng pin hơi hẹo,2
"Quan điểm của mình là mua điện thoại hay máy tính của hãng nào không quan trọng, cứ hàng top đầu của hãng mà dùng thì chẳng phải lo vấn đề gì trong 5 năm",1
"Bởi vậy tôi hay đấm thẳng vào mặt fan iPhone và fan iPhone thường hay né tránh hoặc lấp liếm đánh sang chủ đề khác đó là giá cả , thậm chí có fan iPhone còn nói giá tiền không quan trọng nữa chứ",0
Năm 2021 mua Xiaomi 10t pro giá 13tr sử dụng đến giờ vẫn mượt mà,2
Sony cũng chỉ là tên hãng thôi. Chứ điện thoại sony cũng giống những đt android khác thôi,1
"Ip cho những người thích dùng lâu dài, ổn áp hiệu năng, còn android cho những những người thích thay máy  trong vòng 2 năm thay máy.",1
Có ai lấy Android 3tr đến 4tr ra để so với ai phone đâu mà phải bảo cau này phải suy ngẫm cau hỏi vo van,0
Cháu dùng ss a16 5g giờ vẫn thoải mái,2
Anh đánh giá thế nào về ss s25 fe ạ . Chúc a nhiều sức khỏe . Mong a rep,2
Nếu android lag đó bộ nhớ,0
E thì đang sài ss a24 đây anh vẫn mượt,2
Toàn mấy thằng chưa sài hàng cao cấp của android toàn phán. Note 10+ sài 7 năm sài vẫn khỏe.,2
"Mua mấy con android chưa tới 10tr rồi so với con iphone 20tr,30tr hồi mới ra😂",2
"Mới hôm ngày 21 mình đi mua con vivo y04 2tr790 máy chính, chủ yếu lướt ytb fb nhắn tin nên ko mua đắt tiền, và cũng chưa đủ tài chính mua máy dat tiền",1
"Có rất nhiều video tuyệt vời, chỉ có ở PureTuber #PureTuber",2
"Đang sài sony 1m2 đây. Mua cũ đầu 2022 giá 5 củ, cùng mua ip13 hồng cho vk lúc đó gần 20 củ. Dùng phà phà đến giờ ko game thấy 1m2 của mình chưa gặp vấn đề j. Ip13 của vk đã thay pin 1 lần, dạo này mic hơi kém, đàm thoại ko đc tốt lắm. Đấy! Đừng so androi giá rẻ vs ip. Thực tế từ mình thấy như vậy. Do phân khúc thôi.",2
"lý do Android bị nói lag và giật hơn iPhone là do ifan mõm, iphone ko có tuổi để so vs flapship android nên bọn ifan nguu nó mới lấy andr giá rẻ để so chứ dòng android xịn thì ko thể, công nhận ifan hài thật, moẹ iphone cả 30 củ chỉ có 1 cam nên chỉ so đc vs giá rẻ, mà công nhận ifan toàn bọn nguu công nghệ🤣😂🤣",0
"Giải thích cho bọn ngu thì như nước đổ lá môn, kệ cộng đồng tụi nó đi 😆😆😆",0
"Sắp 2026 nhưng Oppo findx5 vẫn được update ColorOS 16, đt ra mắt năm 2019 vậy là cũng 7 năm r.",2
2-3tr mua anroi mà mới đập hộp nó lamg thôi rồi mua về đập đá hay gì,0
trên mạng thì cmt toàn khen android nhưng ra đường thì toàn thấy xài iphone. Chắc là toàn mấy con bot auto comment lấy kpi.,0
"mình dùng 12turbo ,2năm trước mua 6tr lúc đấy bằng tiền với XSM, lúc đó khá phân vân,  nhưng giờ dùng vẫn mượt thấy lựa chọn của mình đúng",2
Mấy ông live game toàn dùng iphone 99.9%,2
Realme x2 pro 2019 855+ vẫn mượt game bét nhòe 😊,2
😋,2
Con Huawei meta 10 giờ vẫn mượt là đủ hiểu 😂,2
"Hôm nọ chủ lô nó cướp mất cây ip14, rồi hôm sau nó trả lại, mình quyết định mua cây oppo reno 12pro. Tối xem xiếc xong quên ko sạc, hết pin. Sáng dậy đi ỉa rặn được nửa cục cứt mà nó đã sạc được 50% pin. Xem phim nét nèn nẹt từng sợi lông, phê quá. Từ đó mình ko chơi với táo nữa. 😂😂😂😂",2
Anh này phân tích nói chuyện hay! ❤,2
"Mình đã từng dùng cả ip và sam (dòng note và s), nếu so sánh độ mượt của những máy mình dùng thì gần như ko khác biệt, trong khi đó máy Sam có rất nhiều tính năng  vượt trội hơn ip rất nhiều, ko hiểu sao mọi ngưòi cứ ""vơ đũa"" là android giật lag rồi so sánh với ip 😅 Cái bút spen là điểm mình cảm thấy ko thể thiếu trên điện thoại",2
Còn 1 lý do nhiều người thích iPhone là do khi hỏng linh kiện nó dễ thay và khá rẻ so với các hãng cùng giá,0
7plus chơi game ngày 6 tiếng đều vừa sạc vừa chơi chỉ thay mỗi pin chứ vẫn mượt,2
Oppo k3 dùng từ 2019 đến 2025  chơi game vẫn mượt mỗi cái là pin nó yếu quá,1
Vì  i phone   bán lời nhiều   nên nhà sản suất cải tiến ra mới,1
"IP KHÁC NÀO CON CƯNG. CON 1 ĐÂU....
ANDRÒID THÌ Đẻ ĐÀN. Đẻ ĐốNG. CÁI ĐC CÁI KHÔNG...NÓI CHUNG XÀI ANDROI MUA TỪ TẦM TRUNG LÊN CAO CẤP. CHỨ MÁYGIÁ RẺ NÓ CÙI LẮM....",0
"Thì so sánh ngang giá, lấy cũ so mới để cân bằng về giá. Nói chuyện như kiểu chê TQ tui dỗi à nha. Tiền nào của đó thôi, nói gì nói SP ngta đã được cộng đồng công nhận tin dùng rồi. Còn tại sao các hãng khác nói là làm tốt sao không chiếm được thị phần? Tự mình khen đồ mình, con hát bố mẹ khen hay thì như vậy đúng rồi.",0
Chẳng hiểu iPhone có cái gì xấu mà lắm thằng chê ỏng chê ẹo chửi rủa lắm thế ? Đang dùng ip15 thường thấy nó bình thường mà có tệ lắm đâu “,0
E đang dùng 13prm nên lên 17 prm hay đổi sang s25 ultra trãi nghiệm thử đây a . Samsung có dễ sọc màn ko a e hơi sợ,2
"con đt cảm ứng đầu tiên mình dùng đựơc lâu nhất là galaxy y,từ thpt đến hết cao đẳng. Cho đến bây giờ vẫn thích nhất j7prime và pro",2
"Redmi note 11t pro với realme gt master edition cũ bán với giá khoảng 3 triệu ,thì có đáng mua ko nhỉ. nếu có thì cái nào đáng mua hơn",1
"Mượt bền hay ko do cách sử dụng, xài mà để tràn bộ nhớ, cài lung tung các app chạy ngầm xong chê andoroid lag 😂, sợ nhất mấy khứa đó",0
"mình vẫn đang sùng samsung quantum 2, vẫn rất mượt mà và đỉnh của đỉnh dù giá so với iphone thì rẻ hơn nhiều",2
Đang xem clip bằng Note 10+ bản Mỹ...từ lúc ra mắt đến nay 6 năm rồi...thật sự quá ổn.,2
Galaxy note 10+ ( 2019 ) bộ RAM 12G Bộ nhớ 256GB dùng mượt mà đỉnh của chóp,2
Moi doi sang ios. 16plus.nhieu luc con giat lac bỏ me.,0
A ơi cho mình hỏi. Có nên xài chế độ hên tắt mở nguồn cho đt không a,2
"Giờ iphone 8 plus hiện giờ vẫn 3tr hơn, tom lại mấy ông ba phán câu đó thực chất chưa từng sài flaship Android, tôi sài s10 bản Mỹ hiện tại cũng 5 năm rồi game lq vẫn matseting nhé",0
"A Dương cho em hỏi 8tr5 mua máy nào ok nhất ạ, nhu cầu là mua cho mẹ thông báo và tác dụng fb ytb zl ngân hàng và tik Tok cơ bản không game sài lâu dài, xách tay hay chính hãng, cũ hay mới gì cũng được ạ",2
"Ông chạy grab nên mua con đt zflod 4 giá 4tr đấy chạy đc ngoài đc đấy ( lỗi sọc , mực bé ) nhưng chơi đc cao cấp 3-4 năm 
Ông sony thì nên mua đời đủ nhu cầu giá giảm cực nhanh nên mua cửa hành lẻ thu hàng cầm đồ ý",2
iPhone thương hiệu mõm là vì ifan không chê hết chê xong tông bốc android có nào nói đó,0
iPhone 16e đấy iPhone 17 đổi tên camera 1 mắt nhìn đời,2
Galaxy S9+ dùng vẫn mượt mà 2018 - 2025,1
Xưa mua con gt neo 2t lúc nó mới ra mà giờ vẫn dùng ngon đét =))) mặc dù e có mua thêm 1 chiếc 14promax 2 năm trc nma vẫn dùng con neo2t chạy grab ở nhà xem yt với chơi game ok,2
Mới mua sony 1 mark 2 cũ 2tr6 dùng ngon,2
cho em hỏi giữa iphone 14 pro cũ với iphone 16 cũ thì nên mua con gì ạ,2
"Em chào anh Dương ạ! ❤🎉 như lời tư vấn của a hôm trước em đã mua iphone 17 promax trải nghiệm
Và em cảm thấy nó ko khác quá nhiều về hiệu năng tổng thể so với iphone 16 promax. Thực sự chưa đã và có thể nói là thất vọng về phần bên trong dù biết ngoại hình thay đổi rõ rệt! A Dương thấy sao? À còn cái nữa là pin 17 promax ko trâu hơn quá nhiều so với 16 promax đâu…",0
iPhone xài nóng tí còn giật lang hơn android nhiều,0
"em chào anh Dương! Hiện tại bây giờ tài chính em có 15 triệu, em đang định mua 1 chiếc điện thoại cho thằng em của em.Yêu cầu: chụp đẹp, chơi game liên quân max setting tốt, e thích samsung, nhưng nếu không thì máy tàu cũng được ạ",1
Chào a cho e hỏi giữa a6 pro và a6 pro 5g cả hai đều là bản 8/256 thì nên chọn máy nào ạ...e chạy grap lướt fb và youtube lâu lâu làm vài ván liên quân...e cảm ơn... chúc a nhiều sức khỏe và thành công ạ...,2
"Em đang dùng Ip13prm, hiện tại muốn mua thêm máy phụ là Tecno Pova 7 để làm công việc bán hàng, giao hàng, em phải onscreen nhiều, bật app bán hàng liên tục từ 8h sáng đến 10h tối. thì có đủ phục vụ nhu cầu này không ạ, em cảm ơn",1
"Tôi dùng cả iphone và máy Android nhưng iphone vẫn mượt hơn Android nhé😊,cụ thể là iphone 16 pro và Galaxy s25",2
"Mình dùng S10e được 5 năm vẫn mượt vẫn OK. Chả hiểu sao có người vẫn bảo IPhone mượt hơn Android. Nếu so sánh thì nên so sánh cùng phân khúc,",1
"Nghĩ sao ip lúc ra thì 30x 40 50 60 70x(chưa khi nào rẽ & trung  mà chỉ có 1 loại cao cấp nên giá cao) 
Android thì từ rẻ đến cao 1,5->40x nên không rành về đt hoặc tiếc tiền bệnh sĩ thì dễ mua lầm, có xài thì mua con android cao cấp chạy chip mạnh cho đáng đồng tiền mà dùng, có so thì nên suy nghĩ 😂😂.",0
Con Oneplus 8T One 11 One Ace2 chạy snap8x xài tới giờ êm ru nhanh mượt có sao đâu. Trừ khi không rành mua trúng mấy con trung cấp xài chip yếu mới bị giật lag theo năm tháng,2
.,2
"Hello anh Dương,
Em xin phép nhờ anh tư vấn giúp: em đang cân nhắc mua điện thoại làm quà cho ba, giữa Samsung Galaxy S24 FE 5G (8/128 GB) và Samsung Galaxy A56 5G (8/128 GB). Do ba thường xuyên chụp ảnh và quay video bất động sản, em mong muốn chọn chiếc máy có camera tốt, và pin tốt.
Anh có thể cho em lời khuyên nên chọn mẫu nào được không ạ? Em cảm ơn anh.",1
"Tóm lại 1 câu thế này tiền ít mà muốn mượt mà như iphone thì mua điện thoại xách tay các hiệu như IQOO Realme OnePlus Redmi còn nếu nhiều tiền muốn mua chính hãng mượt mà như iphone thì nên mua dòng S trở lên của Samsung và Xiaomi 15 17 OPPO Find X series Vivo X200 X300 v.v, đừng mua mấy con dòng M của Samsung và Oppo dòng Y rồi đổ lỗi máy android nhanh tã lag này nọ",0
đèo mẹ iphone toàn đắt x3 Android thì nó chả giật hơn à,0
so sánh điểm P/P thì chắc dòng poco nhất r nhỉ,1
"Dùng flagship cao cấp của Tàu như vivo x200 pro, oppo find x8 pro xem có lag ko, thậm chí còn mượt hơn iphone ấy",2
❤❤,2
Mình dùng 2 đời readmi note cũng Android thấy ổn mà,2
"ip16prm lướt cmt fb giật ,vào game văng đây 😂😂 máy nào cũng có lỗi mà ít hay nhiều thôi các b à",0
Giờ bỏ 3tr mua cái ip8plus cũ. Và bỏ 5tr mua máy androi mới về dùng là hiểu. Cái máy dùng 8 năm và cái máy mới. T cam đoan hai năm sau con androi nó lag vãi cức về bàn phím ... còn con ip 8plus vẫn mượt mà . Ip nó chỉ lag khi hỏng nó còn sáng màn thì vẫn ko lag nếu tác vụ thông thường. Mấy con androi gọi đến khéo vuốt nghe ko nổi 😂,0
"xài Android 1 lần duy nhất là Google Galaxy NEXUS 4 , chắc cũng thuộc phân khúc cao cấp thời đó . Rồi mình rút ra kết luận có cho tiền cũng không bao giờ, không bao giờ quay lại Android 1 lần nào nữa .",0
"chào a Dương đẹp trai , anh nghĩ sao về việc mua máy lock ở thời điểm hiện tai khi mà cùng  1 mức ggiá thay vì mua 14,15 promax qt thì mình có thể mua đc 15,16 max . e nghe nói việc sóng sánh trên máy lock hiện tại rất ok . Có nên đánh đổi để trải nghiệm những đời máy cao hơn k ạ . Em cảm ơn !",2
K30 Ultra chạy 1000+ ra từ 2020 tôi xài hơn 2 năm tới giờ vẫn còn mượt chán,2
"Android xài cỡ 2 3 năm là giật lag, đúng, nhưng đó là chuyện của những năm 2018 2020, lúc đó mình xài con samsung galaxy đc 1 năm là nó giật giật, còn giờ thì khác r, android tầm 5tr là dùng tẹt bô r",0
"Anh Dương cho e hỏi là mình nên đợi Xiaomi 17 ra chính hãng rồi mua hay là mua Xiaomi 15 ạ. Nhu cầu của e là tầm 20, màn đẹp, pin trâu, sạc nhanh, loa ổn, mạnh, chụp ảnh đẹp, màn nhỏ, chính hãng. Và Xiaomi 17 khi về chính hãng thì tầm 20 không ạ. E cảm ơn ạ",2
ok,2
"cháu chào chú, cháu đang tính đến tết nên mua mi13 pro hay x90s về vừa chơi game vừa chụp ảnh ạ ( cháu thích màu của leica nhưng cũng thích origin os của vivo) ko bt nên chọn máy nào đây ạ",1
Mua ip được cái trãi nghiệm ng dùng đáp ứng tốt. iOS phục vụ mấy cái tiểu tiết nhỏ nhặt.  Linh kiện thay thế nhiều và rẽ nên hư hỏng không đau ví lắm. Chứ mấy con android đặc biệt là samsung thì thay cái màn hình là xỉu ngang.,2
"Anh Dương nghĩ sao về tình trạng tróc sơn của iPhone 17 series năm nay ạ, em đang phân 17 pro mà đọc nhiều review kiểu vậy chắc phải xuống 16 prm cho bền mất. Chúc anh và gia đình có thật nhiều sức khoẻ !",2
Từng dùng con s23 ultra bị sọc màn và từ ấy sang ip hẳn luôn,0
"Là 1 người dùng cả 2 dòng iphone và androi. Mình thấy androi chỉ để chơi game cày cuốc, iphone để chơi game kĩ năng cần độ phản hồi từ màn hình đến ngón tay nhanh. Dùng các gaming phone đời mới nhất rồi mà cảm giác vuốt chơi game kĩ năng như liên quân vẫn thua con iphone 8 plus luôn. Ko nói về tần số quét màn hình nha.",1
Xài samsung chưa biết lag là gì,0
200k thôi mua đc đt Android rồi,2
"cháu chào chú Dương,hiện nay cháu đang có nhu cầu muốn mua máy tính bảng phục vụ cho học tập cũng như giải trí nhẹ nhàng tài chính 4 triệu đổ xuống thì nên mua loại máy nào ạ,mong chú tư vấn,chúc chú nhiều sức khoẻ",1
u24utral lag vc trong khi mua 15prm h vẫn sài ngon mượt nên thoi bớt cãi,0
Mua con note 10 plus cuối năm 2019 đầu 2020 tới giờ vẫn ngon chán... Xui bữa đi mưa bị chết màn nên bỏ luôn thôi chứ ko vẫn dùng tốt 😂😂,2
"iPhone giờ cũng giật lắc, cũng treo máy, cũng đột ngột văng App khi sử dụng. Nên đừng lấy ip ra so sánh nữa 😂",0
"Chào anh Dương, cho em hỏi nếu là lần đầu mua điện thoại hoặc máy tính bảng, nên mua gì trước ạ. Em tính mua redmi note 13 pro 5g, nội địa up rom, hay là redmi pad pro ạ. Em học sinh, giải trí nhẹ, xem phim, lướt web, chơi game… Hoặc anh tư vấn giúp em những option 5 triệu khác nhé ạ. Chúc anh nhiều sức khoẻ!",1
Công bằnh mà nói thì cao cấp androi ngon thiệt . nhưng vì là hdh androi vẫn có vài cái lỗi vặt hay khựng nhẹ nhé,0
Xài thử redmagic xem. Lag giật đâu đấy.,0
ai đã dùng qua xiaomi k20 thì sẽ biết tới giờ nó vẫn còn ngon chán.,2
Em đang phân vân nên mua s24 thường củ hay poco x7pro thì lựa chọn nào thì hợp lý ạ! Mong anh hổ trợ,1
12tr chính hãng nên mua gì vậy mn,2
"Anh ơi em muốn mua điện thoại tặng mẹ vào dịp cuối năm nay, em đang phân vân  giữa A36 newseal với s22+ cũ( anh có lựa chọn nào tốt hơn thì gợi ý giúp em với) vì mẹ em cũng sử dụng cơ bản nhưng em muốn chọn một con máy hỗ trợ lâu dài tầm 3-4 năm nữa ạ em cảm ơn anh",2
5 triệu so với 30.chưa dùng sam 20vtr,2
1 điều là iPhone thua xa android là pin. VD con reno 2f mua hời 2020 giờ vẫn sài tốt. iPhone 16 pro pin đã chai. Chơi game máy nóng màng hình tối thui,2
Sony thì ít lỗi nhưng ko có nhiều tính năng đặc sắc thôi. Cảm giác hệ điều hành khá thuần google. Bạn mua hàng nhập từ hàn thì nhiều ứng dụng rác phải xóa bớt đi thôi. Giá ban đầu thì hơi cao nhưng mua cũ giá thấp quá rồi mua cũng đc.,1
Chào anh Dương cho em hỏi em đang dùng ssA35 giờ em muốn. Đổi qua oppo a6pro anh so sánh dùm em nhu cầu của em nghe goi lướt febook xem phim giải trí  chuc a nhiều sưc khỏe,2
"Đang xài con Xiaomi giá rẻ 5 củ, cảm giác trải nghiệm còn thích hơn con 11 PRM năm 2019 mua 28tr5",2
E vẫn đang dùng iPhone 7 mua 2016.,2
"Chào Anh, xem anh đã lâu, hnay mong anh cho lên tivi. Em muốn tìm một chiếc điện thoại tầm 10tr đổ xuống, máy mới hàng chính hãng, chip ngon, camera đủ dùng(đa dụng thì tốt, không cần đẹp), pin trâu. Cảm ơn anh, chúc anh và gia đình nhiều sức khỏe!",2
"Mong chú Dương cho cháu lên kênh ạ!😁Chú Dương và mọi người tư vấn cho cháu một con điện thoại dưới 10tr, camera ngon, hiệu năng khá, không giật lag để cháu mua làm điện thoại chính! Nếu chính hãng thì tốt, nếu xách tay thì có bảo hành để cháu khỏi lo! Cảm ơn chú và mng, chúc kênh sớm đạt 3tr subs!",2
"Chào anh, nhờ anh tư vấn em 1 chiếc điện thoại 12tr đổ xuống, máy mới (chính hãng hay xách tay đều đc), toàn diện nhất phân khúc từ hiệu năng, camera... Cảm ơn anh, chúc anh và ekip nhiều sức khỏe!",2
"em đang phân vân giữa xiaomi 15t pro và oppo find x8 thì nên chọn máy nào ạ? nhu cầu là màn đẹp và sạc nhanh thôi ạ, không chơi game nhiều",1
"Mình mua con Pocophone F1 giá 7,9tr dùng từ tháng 10/2018 đến giờ vẫn ngon mới thay 1 quả pin 300k.",2
tầm tiền trên 10tr thì có nhiều trải nghiệm hơn khi dùng iphone. dòng Adroid thì mình vẫn thích dùng xiaomi,2
"Ip16 mới sạc 200 lần mà 2 ngày pin tuột từ 100 xuống 99 rồi 98 thì pin có bị s ko ạ, sạc chính hãng hàng mới",1
Sao tui thấy xài đt khoảng 3 năm đổi cái là vừa. Mua Android xài cho tiếc kiệm sạc nhanh. Xài ok mà ta,2
Tui mua vivox200 xài lang như cut,0
"cho mình hỏi mình mua điện thoại cho mẹ nên chọn dòng quốc tế mới, tài chính dưới 5tr mình thấy ở dienthoaihay có samsung a73 giá 4tr5. Vậy tầm này a73 là cân bằng nhất chưa.Mình cảm ơn.",1
"mình hối hận khi bỏ gần 30tr mua 16prm, trong khi hôm nay mua cho vợ con vivo x200s, bật camera lên muốn quăng iphone thật sự,!..sạc thì lâu, lên ios 26 thi pin tuột nhanh, nếu thích apple vì iphone thì ko đúng, chỉ vì hệ sinh thái iphone, imac, macbook....còn lại thì theo cá nhân mình iphone hiện tại thua các hãng kia rồi",0
"sony chỉ  cần né dòng 5mx, với mấy con snap 888, 8 gen1, chứ cầm mấy con sony mà dùng trần đã lắm, thương hiệu sony vẫn là một cái gì đó nam tính",0
"Em chào anh ạ
Anh tư vấn giúp em Tầm 30tr thì nên mua iPhone 16 prm không anh hay điện thoại android nào tốt hơn ạ. Em cảm ơn ạ, mong anh rep.",2
"Trước từng dùng con huawei y9 2019. Đúng duy nhất cái dt đó dùng lâu nhất, tới 2023 mới hỏng màn do cu con làm hỏng. Andr nó rẻ  nên dễ tiếp cận người nghèo. Với lại do số lượng nó sx quá nhiều mẫu mã nên rất nhiều máy bị tình trạng chung là hệ dh lỏ. Chứ thử andr chỉ có duy nhất 1 hãng làm giống như ip xem. Chưa biết cái nào hơn cái nào😂",0
"em chào anh Dương, chúc anh và gia đình thật nhiều sức khỏe. em đang có tài chính hơn 10 triệu một tí. em muốn mua 1 con máy tốt trong tầm giá này để chơi game và chụp ảnh ( android thì càng tốt ạ). mong anh tư vấn giúp em",2
Cần bán Tecno spark 40pro giá 2tr9. Mới mua đc 10 hôm tại Duy Tiên Hà Nam.,1
"em chào anh, em hiện đang có 15tr mà đang phân vân giữa 2 máy mi 15 pro và 15T pro, anh tư vấn giúp em nên chọn máy nào ạ.
nhu cầu của em là camera--zoom tốt, dùng lâu dài 5 năm, thỉnh thoảng có chơi  tốc chiến. E cảm ơn ạ, chúc anh một ngày tốt lành <3",2
"android nếu chính hãng thì dùng cao cấp cận cao là ngon mượt dùng lâu dài, còn ai ko ngại xách tay thì giá 5tr thôi là đủ mượt nhiều năm rùi , vì tầm giá này toàn chip flahship 8 gen 2 7+gen 2 3, 8s gen 3 ufs 4.0 mượt lâu dài luôn, điểm trừ mấy dòng giá rẻ này là buld bằng nhựa và camera ko đẹp",1
iphone có những điểm trừ không thế khỏa lấp được,0
Chú Dương ơi cho con hỏi nên mua S24FE ko hay ráng lên mua S25FE theo chú có nên cố lên ko ạ con cảm ơn chúc chú nhiều sức khỏe,1
Chú ơi cho em hỏi bạn em đang bán iPhone 11pro 3tr mới phết em sợ ik thì chú tư vấn cho em nên chọn redmi 12 5g hay con iPhone này ạ,2
"Thực ra reno 10x zoom là ngoại lệ, reno là dòng cận cao cấp nhưng riêng 10x zoom là flagship",1
"Top 1 lí do lag máy android 2,3,4 triệu tầm thấp ifan kêu lag",0
Note 10 plus mua từ ngày ra mắt vẫn đang dùng đây.,2
Em chào anh. Chúc anh nhiều sức khỏe. Anh cho em hỏi có nên đổi từ 15prmax qua x300pro chính hãng không anh. Được và thiệt gì ạ,2
Mẹ mình mua vivo x80 pro ở trung dùng từ 2022 tới h bị mỗi pin chai với đầy bộ nhớ chứ dùng còn tốt chán,0
.,2
Câu hỏi đầu tiên nói lên nỗi lòng của nhiều người thanks!,2
"Anh ơi cho em hỏi điện thoại chính hãng của Xiaomi, Redmi,.. có bị chậm thông báo không ạ? Em định mua máy chính hãng để tránh lỗi này mà nghe nhiều người dùng nói máy chính hãng vẫn bị miss thông báo ạ. Em cảm ơn anh đã đọc ạ.",2
em sinh viên đang tính mua galaxy a36 nên ko mn tại nó có vẻ ổn định ngoài cái sọc màn,1
Từng mua huawei nova 5T cận cao cấp mua 8tr dùng hơn 5 năm ngon vl mà chỉ hỏng mỗi pin mà k có pin zin ( vì cấm vận nên k còn chính hãng) nên phải đổi,0
"Galaxy s9+ dùng tới giờ vẫn mượt mà, chỉ có điều là pin hơi hẻo...",1
Iphone 14prm từ giờ đến giữa năm 2026 có giảm không ạ nếu có thì giảm bao nhiêu? Cháu chúc chú nhiều sức khoẻ,1
sớm,2
"Máy cùng cấu hình nhưng 1 cái chính hãng có bảo hành với 1 cái xách tay giá rẻ hơn gần phân nửa giá mà bảo hành có hay không rồi bạn chọn cái nào, mua cái rẻ hơn nửa giá thì nếu hư thì giá của cái điện thoại lúc trước mua nó sẽ rẻ hơn lúc trước mua rồi vậy bảo hành để làm gì",2
"Mới nhận a56 mua shoppee, kiểm tra bảo hành điện báo không có, hỏi shop đky thế nào , shop không phản hồi. Giờ thế đky bao hành thế nào ae biết chỉ giùm. Tks",1
"Rất thích xem video của anh Dương Dê, ảnh nch rất chân thật, uyên bác 💯👌",2
Mình ko QT cái BH vì lỗi thì chưa gặp mà rơi hỏng thì bỏ tiền ra sửa 😅 có lúc ko rơi hỏng vẫn phiền khi đi bh,1
"Có sam bảo hành thấy ok. Mua điện thoại đắt tiền bền, thường là hỏng màn, mà hỏng màn thì thay đắt, thôi mua cái mới còn hơn.",2
Bảo hành bảo hiểm mua vì bắt buộc thôi chứ k có giá trị,0
"Chở hãng bảo hành giống như há mồm chờ sung rụng. Các hãng pia thời gian bảo hành để bán cho được điện thoại thôi, lúc bảo hành thì ối dồi ôi.",0
Dùng iPhone sáu plus tới iPhone 12 chưa bị vấn đề gì,2
"Anh ơi cho em hỏi điện thoại chính hãng của Xiaomi, Redmi,.. có bị chậm thông báo không ạ? Em định mua máy chính hãng để tránh lỗi này mà nghe nhiều người dùng nói máy chính hãng vẫn bị miss thông báo ạ. Em cảm ơn anh đã đọc ạ.",2
"Từng mang đt đi bảo hành , đợi 2 tiếng họ bảo máy lỗi do nhà sản xuất xong đổi cho máy mới , samsung s24U nha",0
=)) đúng sài 13 năm chưa phải bảo hành 1 lần,2
Thời điểm hiện tại hàng cũ chênh nhau 1tr5 zfold6 và s24 ultra 256gb a lấy con nào a Dương,2
Nói đến bảo hành thì tôi thấy TGDĐ và ĐMX là lòng vòng nhất,2
"Khi xảy ra vấn đề thì mới thấy bảo hành nó quan trọng như thế nào. Mình có thằng bạn xài Samsung, còn đúng 1 tuần nữa là hết bảo hành thì bị hư main. Hãng thay luôn main mới, ko tốn 1 xu.",2
"Tôi thấy bảo hành thì chỉ tầm 1 năm là ngon đối với đại đa số các dòng điện thoại hoặc điện tử. Rơi vỡ chỉ dành cho điện thoại giá cao, hoặc được sử dụng trong môi trường khá rủi ro như đi công trình, tài xế, vì nói chung điện thoại giờ khá bền quăng quật bình thường tầm 1 năm là không sao.",2
"a Dương ơi a so sánh Mi 15t pro và Mi 15 đi ạ,mặc dù Mi 15 phân khúc cao hơn nhưng mà về thông số máy e thấy 15t pro k hề thua kém mà còn có phần nhỉnh hơn",2
"Chào Anh, chúc Anh gia đình cùng ekip nhiều sức khoẻ, Anh có thể tư vấn cho em 1 chiếc đt chụp hình tốt, pin + hiệu năng khá, ram 256, mục đích sử dụng chỉ chụp hình xem video, có thể sử dụng 5-7 năm. Do hơi tham lam nhiều tiêu chí nên chưa chọn được đt nào. Cảm ơn Anh❤❤❤❤",2
Anh dương ơi chơi game nhiều cũng chụp ảnh cũng nhiều thì nên mua redmagic 10 pro hay s25 ultra ạ,2
Lũ giẻ rách mới quan tâm,0
"chào anh Dương, em hiện đang dùng S20FE, muốn nâng cấp lên S25 Ultra thì khoảng thời gian nào mua máy sẽ là hợp lý nhất ạ, hay là đợi dòng S26 ra mắt ạ? Nhờ anh tư vấn giúp em ạ, em cảm ơn anh nhiều. Chúc anh và gia đình nhiều sức khỏe.",1
"- Bản chất cái bảo hành là tốt, tuy nhiên các cửa hàng ở Việt Nam vận hành nó theo kiểu khôn lỏi, tìm mọi cách đổ lỗi cho khách hàng.
- Vậy nên trước khi mua cần tìm hiểu chính sách bảo hành của cửa hàng đó. 
- Ví dụ Mobile City, mình được mọi người khuyên là không mua gói BH Vàng vì nó vô dụng, lúc bị lỗi họ tìm mọi cách đổ lỗi cho khách hàng và cộng thêm Máy mới rất ít bị lỗi. Thành ra gói đó là vô dụng.
- Tổng kết: Tìm hiểu kĩ điện thoại đó có hay bị lỗi không ? ví dụ Ip13 Promax lỗi màn thì nên mua gói bảo hành. Cộng thêm tìm hiểu chính sách bảo hành của cửa hàng xem có thực sự hữu ích hay không ?",0
Được hãng nó bảo hành cho thì còn khuya,2
Điện thoại mới thì ít hư mà mặc định có bh còn điện thoại cũ thử mua con cũ mấy năm mà ko có bh vàng cho hơn 1 năm xem đến lúc hỏng có vỡ mồm ko. Samsung giờ bh vàng cũng toàn 9 tháng thôi.,0
anh dương ơi cho em xin phép hỏi 1 câu mong anh trả lời: điện thoại ít dung lượng như 64gb có làm ảnh hưởng đến trải nghiệm game không ạ ?,1
ok,2
Đéo quan trọng 😂,0
Đt có bảo hành đương nhiên là hơn không có rồi. Quan trọng là phải định giá các gói bảo hành xứng đáng với bao nhiêu % giá trị máy trong từng tầm giá. Trả lời chung chung như Dương thì nói làm gì.,0
"Tất nhiên là có còn hơn không, nhưng cá nhân em lại không đặt nặng vấn đề bảo hành anh Dương à. Thú thật em chỉ sử dụng flagship, mà em thấy có khi nào nó hư hỏng trong vòng 1 năm đâu, toàn hết bảo hành mới hư, thậm chí dùng cho đến khi thay máy mới cũng chưa hư. Thật sự như thế, những lỗi dễ hư hỏng nhất như vào nước, rơi vỡ... Thì thường không được bảo hành. Đó là chưa kể em hay thay điện thoại nữa, có cái nào dùng lâu trên 1 năm đâu. 😢",0
Anh Dương ơi. Em nghe đồn năm sau chip sẽ có tiến trình 2nm thì liệu có nên chờ thêm 1 năm nữa rồi mới nâng cấp đt ko ạ.... (Đang mê xiaomi 17 promax và   hóng tới 18 promax) 😳😳..... Em đang dùng máy nội địa xiaomi và khá chắc chiếc máy này vẫn dùng tốt trong 1-3 năm tới ạ,2
"Nhiều ông ví như bảo hiểm y tế, nghe buồn cười, vật so với người. Riêng t điện thoại hư nhẹ đi sửa nhanh lấy trong ngày, hỏng nặng bán luôn cho thợ rồi mua máy mới, chứ đem đi hãng hết cả tuần khó chịu lắm, chưa kể nhiều bên của hãng nta toàn đổ lỗi cho người dùng. đấy là lý do t không mua chính hãng, các gói bảo hành của shop vẫn suy nghĩ thêm chút coi cần không",0
Anh Dương cho em hỏi ở đâu giờ còn  bán 16pro 128 titan tự nhiên. Hỏi tất cả các hãng đều không còn. Mong anh rep,2
"Anh Dương ơi , em thật sự mong anh sẽ trả lời câu hỏi của em , đây là lần đầu em hỏi , em hỏi anh mấy video rồi , anh trả lời em với
Em đang dùng 1 chiếc 14prm gold 128 esim em đang phân vân có nên nâng lên 1 chiếc 16prm gold 256 kh ạ , em nhu cầu cơ bản kh chơi game chủ yêu tiktok fb . Em thích 16prm tại cái viền titan ít bám mồ hôi dấu vân tay trông đỡ bụi hơn con 14prm với lại nhìn nó cũng đẹp thật , nâng lên chắc phải thêm tầm 10 củ nữa . Anh thấy thế nào ạ , em phân vân cả tuần nay rồi , vì 10 củ cũng kha khá nên em cũng rất suy nghĩ , mà kh cứ nghĩ mãi cũng khó chịu kk . Mà trước đấy em dùng XSM 64gb vàng dùng 5 năm lên 14prm 128 này bán cũ lại đc 4tr và em em thêm 14tr nâng lên tận 4 đời . Mà bây h thêm 10 tr lên 2 đời nên h em phân vân , mà h em đang thích 16prm quá , anh nghĩ từ 14prm lên 16prm có xứng đáng kh ạ",2
Bảo hành làm gì nó 'hành' cho đủ thứ hỏng thay cái khác dù cùi hơn cũng.đc,0
Máy mới thì dell cần mua gói bảo hành làm gì cả. Dùng đến lúc Hỏng thì cũng hết bảo hành,0
"A Dương ơi, anh là người hiểu biết về công nghệ cho em hỏi 1 Cô gái Lào bị mất cắp 1 chiếc Ip 17 pro tại hoàng thành thăng long, CA họ đã làm gì mà tìm thấy chiếc điện thoại nhanh như thế ( khoảng 2h ) nếu là đt Androi thì có tìm đc ko?",2
Thời điểm hiện tại 10 triệu mua máy chính hãng nào ngon ạ?,1
"giống như bảo hiểm, bản chất thì tốt mà người làm chả ra sao cả. Mua hay không cũng vậy, còn rước thêm phiền.",0
Mai em mua red magic 9s pro like new có nên mua bảo hành Vip ko anh?,1
Sạc 120W tầm 300K thôi sếp,2
"Chào anh Dương.
Tư vấn giúp em 1 điện thoại android chính hãng hoặc nếu xách tay thì không bị chậm thông báo tầm giá 6 triệu.
Nhu cầu sử dụng mượt mà tác vụ bình thường (không game).",1
Tầm 10-12tr có máy nào ngon ko a ...❤,2
"Đối với điện thoại Samsung tầm trung hay tấm nền super amoled, việc cài đặt màn hình màu đen, tối màu, hình nền tĩnh lâu ngày có thể khiến màn hình bị sọc màu hay sao ạ??",1
"Anh Dương ơi giữa ip13 Promax và Ip15 thg thì máy nào dùng lâu dài ổn định hơn ạ,cám ơn anh và chúc anh nhiều sức khoẻ",2
năm 2018 tui đi bão hành samsung đúng là họ bão hành miễng phí nhưng mất 20 ngày 😂,0
Tôi thì có khoản bảo hành rơi nước thôi còn lại chả cần đâu toàn hết bảo hành mới hỏng,0
"Bảo hành mà bảo hành sao moi đc ? Như mua bảo hiểm xe 2 bánh ,mua thì đc,lúc thanh lại thì quên đj,",0
Cái quan trọng nhất là bảo hành phần cứng gồm những gì thì không để ý một số cửa hàng cố tình đánh tráo khái niệm 1 đổi 1 để lừa khách hàng mua máy đến khi hỏng thì lại quay ra đổi lỗi cho khách   bảo hành 1 đổi 1chỉ nói  chung chung phần cứng đến khi lỗi màn nguồn face id thì lại bảo bên em không bảo hành những cái đó tốt nhất là nên tìm hiểu kỹ trước khi mua tránh mất tiền lại rước bực vào người.,0
"mih có câu chuyện muốn chia sẻ hồi mih mua dt bên cellphones dc 3 tháng nhưng ko may mih bị làm rơi hư ic nguồn ở main đem ra tiệm thì họ bảo đợi mở ra xem thử ,nhưng bên kỹ thuật bên họ yếu kém hay jj đó họ chuyển qua bên dienthoaivui á mọi ng, thì họ báo lại là hư ic nguồn trên main ko sửa dc chỉ có thay main thôi nhưng giá main lại gần bằng giá cái đt r họ bảo mua mới , thì mih bảo ủa chứ hồi mua chỗ cellphones họ bảo là bảo hành rơi vỡ này kia nhiều lắm mà sao bây giờ báo giá bắt tôi trả tiền sửa chữa là như nào , họ im luôn cứ bảo thông cảm này kia rồi viện mấy cái cớ để tránh. nên mih khuyên các bạn đừng có ngu mà mua cái gói bảo hành này kia đụng chuyện mới thấy nó gian kể chi",0
"Ông dương lại xúi dại mua bảo hành 1 đổi 1, đồ điện tử cứ hết bảo hành thì nó mới hỏng, thì mua 1 đổi 1chỉ có lợi cho cửa hàng 😅😂",2
Ngày xưa khi bắt đầu xài đt cảm ứng thì tôi xài Nokia XL và Nokia lumia 520 - và galaxy a10 - rồi tới năm 2021 thì xài galaxy a52s5g và iPhone 13 xài hơn một năm - mà tôi giận người nhà đập nát iPhone 13 - còn a52s5g hết bảo hành thì bị bung nắp lưng - cũng vì nghe lời người quen kế bên mới mua a52s5g đó - mà hay thật sự- mình vừa bị bung nắp lưng xong được vài ngày sau đó- người mà xúi  mình mua Galaxy a52s đó thì bị sọc màn hình 2 sọc từ trên xuống dưới - con galaxy s21,2
Thôi gạch tên,0
Anh dương cho hỏi bao giờ samsung mới làm gaming phone 😂😂,2
❤❤❤,2
Vivo x300 trên shoppe có 16 củ rẻ thí,2
"Nay blackfriday trên shoppe mall của shopdunk s25 5g còn 13tr1 hàng new đã kích hoạt bh , có nên mua không ạ",1
Chọn oppo fx9,1
"A làm video camera ,độ bền, độ đáng mua giữa s24 ultra và xiaomi15t pro ạ,e đag phân vân mua ạ, chúc a sức khỏe, e cảm ơn ạ!",2
Loa của con vivo nghe như đấm vào tai,0
"Coi thông tin trên các web thì vivo x300 khung viền kim loại , còn oppo x9 khung viền nhôm",1
"Đã mua x300 tgdd cho bx và bx cầm rất thích , lúc đầu cũng lưỡng lự giữa oppo x9 , vivo x300 , ip 16 plus ra xem và trái nghiệm thì lựa chọn cuối cùng vivo x300",2
"Thử độ mượt và hoạt ảnh thì mình đánh giá oppo ngon hơn vivo , kể cả là phân khúc tầm trung và cao cấp, hoạt ảnh trên vivo nó k đã mắt, mình k phải fan 2 hãng này mà fan của xiaomi , nhưng nếu để lựa chọn 1 trong 2 thì khả năng cao mình vẫn chọn oppo . nhưng cả x9 và x300 mình đều thử dùng rồi thấy vẫn chưa ưng , thôi đợi sang năm mi17 về chính hãng vậy.
Rất thích màu LEICA , chụp kiến trúc và phong cảnh thì hết nước chấm, còn chụp người thì vợ mình vẫn chê , cần phải hậu kỳ chút xíu về da người mới đăng mạng xã hội được. Nhưng điều đó k quan trọng vì vợ mình đã có oppo cứu cánh khảng chụp người. Thì mình cứ LEICA chụp phong cảnh cho đã cái nư.",1
Em đang dùng Oppo Findx9 12 256 có nên nâng cấp lên Oppo  Findx9 Pro không ạ,1
"Anh Dương ơi, giữa con oppo find x8 vs vivo x300, em đg phân vân ko bt nên lựa chọn máy nào ạ , mong ah tư vấn dùm em. Cảm ơn ah, chúc ah ngày mới vui vẽ ạ.",2
Sao bên clickbuy rẻ hơn mấy chỗ khác nhiều vậy anh.mua online đảm bảo chất lượng ko nhỉ,1
"Em mới mua oppo find x9 512gb giá 21 củ . Anh nghĩ giá này đã hợp lý chưa,liệu trong tầm giá có iphone nào ngon hơn không ạ?",2
Ơ anh Dương nay trẻ thế 😝,2
từ iphone chuyển qua android bởi đúng 1 lí do là cài dc youtobe vanced.,2
Honor 500,1
ok,2
7tr máy màn phẳng . Flaship thỉnh thoảng chơi lq pupg chụp ảnh mong anh tư vấn . Chúc anh và gia đình nhiều sức khoẻ,1
"So sánh giữa 3 con:  Samsung S25 Ultra, Oppo Find X9 và Vivo X300 chính hãng đi anh Dương. So sánh mọi thứ, coi con nào là tốt nhất kể cả là thời gian sử dụng thực tế của pin.",2
A Dương ơi giửa poco x7pro và zte z60s pro thì nên mua máy nào a . E xem video và chơi call of duty mobile thôi a .So sánh giúp e với . E cảm ơn,2
"Mình muốn mua máy 10 triệu mà pin trâu, cam tốt, đủ để chơi liên quân thì nên mua máy gì vậy mn?",1
"8 triệu quay đầu điện thoại xách tay nào cam đẹp anh ơi, chúc anh nhiều sức khỏe",2
cmt bằng find x9,1
Giá cũng hơn 3tr,2
"con Findx 9 chính hãng không biết dùng có ổn định ko mọi người, định làm máy chính 🤔",1
"x9 thì thua so với x300, còn bản pro thì ngược lại. Mà hai con cx khá dễ chọn tại nhìn thiết kế phát là biết:))",2
Oppo fixn x9 anh gắn link ở video này có chính hãng không vậy anh tại em muốn mua mà thấy giá rẻ quá,2
"Giá con x300 rẻ hơn x9 tận 3 triệu mà. Nhưng cam có lẽ tương đồng. 
Nếu thích màn nhỏ thì x300 , màn lớn hơn tí , pin to hơn tí thì x9 , cá nhân mình thích dt nhỏ, và giá rẻ. Thì x300 màn nhỏ và rẻ hơn , chọn x300",1
"a tư vấn cho em đt Android tầm 10tr quay phim đẹp nét 4k 60fps đi ạ, cảm ơn a/ chúc a nhiều sức khỏe",2
Iphone ngày nay càng sx máy dày ra nhưng pin thì vẫn yếu như dòng thường và pro đã mua ip15 đập hộp tôi ko hài lòng về pin mới mua nhiều lần pin tụt một phát 3-4% chỉ chưa đầy 1p ko bt do pin hay gì nữa xài hàng ngày thì bình th,0
"Cháu chào chú, chú có thể so sánh 2 máy oppo find x8s plus và oneplus 13 không ạ? Cháu dùng cho quay video và chụp ảnh điều kiện thiếu sáng, chơi game ít ạ, ít lỗi, thông báo không quá trễ ạ. Cháu cảm ơn chú ạ",2
"So sánh xiaomi 15t pro với poco f8 pro mới ra đi a
Nhiều người quan tâm ạ",2
"Anh Dương ơi anh có thể hạn chế sử dụng nền trắng cho video được ko anh em hay xem video anh bằng tivi nên nhìn chói quá anh, em ko có nhu cầu gì về điện thoại nhưng vẫn thích xem video anh như 1 video giải trí. Chúc anh và gia đình mạnh khoẻ bình an.",2
"con x9 ngoài cục pin ra chả có kèo gì so với x300 cả. thua màn (BOE vs Tianma, LTPO vs LTPS), thua sensor ( HPB/IMX602 vs LYT808/IMX600), thua cổng USB (USB 3.1 vs USB 2.0). hiệu năng chip thì con x9 nhỉnh hơn tí do kích thước to hơn tản nhiệt dễ hơn. ko phải ngẫu nhiên mà doanh số x300 ở thị trường TQ chỉ xếp sau Apple với Xiaomi",0
"chào chú dương. cháu là sinh viên , cố lên đc 11triệu thì nên mua xiaomi 14t pro hay ip13 pro ạ. cháu chụp ảnh nhiều và thi thoảng có chơi vài game nhẹ.",1
😂 mãi mới thấy kèo này con vivo chìm khiếp,2
Chúc chú Dương ngày mới tốt lành! Dạ tầm giá 8-10tr thì mua điện thoại nào tốt v ạ. Nhu cầu cơ bản và chơi game nhẹ ạ. Dạ k quan trọng cũ mới và ưu tiên iPhone nhưng có điện thoại android nào tốt hơn k ạ?,1
Wow nay mặc áo kiểu nay trẻ ra mấy tuôi a à hihi😊😊😊😊,2
"Ra cửa hàng thì bị mấy chị tư vấn viên lùa thôi. nhưng mình trước đi mua con Tecno Pova 6 cho mẹ. Mấy chị tư vấn viên kiểu không muốn bán, xong cứ tư vấn dí mình con Redmi Note  13 với lý do là nó chạy chip Snap khoẻ hơn Helio",0
"Xiaomi 15 còn vô đối trong tầm giá k ạ?  Ưu tiên cam trước nét, nước ảnh thật",1
Giá thành chênh nhau khoảng 3 triệu đấy a ơi,2
"Mọi người cho em hỏi với nhu cầu sử dụng cơ bản, ổn định lâu dài, thi thoảng chơi game, ít lỗi vặt thì redmi turbo 4 pro có đáng mua không ạ, em khá thích thiết kế của nó",2
"Chào anh Dương.em đang cần mua máy tính bảng ,giá khoảng 10tr,nhu cầu chính là học họp online sử dụng lâu dài.
Mong anh tư vấn giúp em.Chúc anh và gia đình nhiều sức khỏe",1
Wow 😱 anh Dương nay lên đồ còn hơn ca sĩ luôn,2
Đang xem bang Samsung s25ultra ❤,2
"Wow lần đầu nhìn thấy a đăng hiện 5 giây trước,..",2
Lam clip  H 35 luôn anh,2
A cho xin bài test so sánh Motorola g86 power với Oppo k13 turbo pro ạ,2
Trải nghiệm 1 chút là nó bị nóng máy á,0
Tks kênh….,2
ngày xưa ông anh tôi có máy cũng hãng này đến lúc vỡ màn hình thì k có quán nào có,0
Điện thoại Motorola cua nước nào xoăn sức vậy ban,1
So với  A56 có hơn không .,0
Máy tàu đỉnh hơn về hệ điều hành,2
Khó đấu với mấy a Tàu đấy...,0
Mới đi trải nghiệm như đồ chơi con nít nó lắc thì thôi 😂😂,2
Ruột vẫn là trung Quốc thôi.,1
Nhin chất đẹp sang sài ko biêt sao,2
Mong chú Dương làm clip mở hộp luôn Motorola G35 5G đi chú,2
"Em đang có 25 triệu cần mua iphone dùng trong tầm 4-5 năm nữa thì hiện tại em nên chọn 15promax 256 cũ, 16pro 256 cũ hoặc 17 thường 256 new seal để sau này tầm 4-5 năm nữa ra iphone 20, 21 để có thể thu cũ giá cao nhất để lên đời ạ?",1
Nhìn rẻ tiền vkl,0
Bạn dương cho hỏi cụt sạc của điện thoại Motorola 86 power là 33 w mình có cụt sạc 68 w sạc cho điện thoại này được không bạn,2
Nhìn bên ngoài thấy nó cứ rẻ tiền kiểu gì ấy ae,0
Có lựa chọn bộ nhớ trong 256gb không ạ?,1
e e s dài,2
"giá này cứ quất poco x7 pro là ngon nhất rồi, kh con nào có thể vượt qua",2
"7 củ mà sạc 33 w hơi đuối, tec no pova 6 giá 4 củ đã có sạc 70 w",1
Iphone 17  fake,0
Nghe ông này hài vãi 😂😂😂,2
"cho bố link
muốn mua",1
Mo len xem dc mua ve xem phim kkk,2
Đừng nghĩ nó real mong nó đc ram  6 bộ nhớ 128 để xem phim bậy bậy cũng đỡ,0
"Má, cười bò luôn 😂😂😂",2
Bán e 5 xị đi anh 😂😂 về em phông bạc😂,2
kk,2
Dừng để bị lừa nha😅😅😅😅🎉🎉,2
"Chip 3nano gọi con này bằng cụ, nó tận 28nano cơ mà 😂😂😂",2
😂😂,2
"Sản phẩm rất tốt cho những ai ""quá tự tin"" để vênh mặt thoáng qua với người khác !!! 😂😂😂",2
"+1 video ""hài dón"" để xem giải trí",2
bác mua con này xong có trả hàng hoàn tiền ko vậy,1
"chủ shop đã xem và cười khểnh 😂😂😂,mé thằng này đã bị mình rồi",2
thời gian trôi nhanh thật hồi nào còn thấy anh đăng short sạc nhanh tóc còn đen mà giờ đã bạc hết đầu rồi,0
Lấy con về khè hàng xóm đc nè.,0
"Con này siêu lỏm fake , hàng nhái chuẩn xịn nó làm khác bọt lắm",0
Mua ve cho e pe choi cung dc😅😅😅,2
1 củ 4 8 gen 3 🥶,2
"Ai cx thừa biết điện thoại Apple đắt như thế nào, nên thay vì nói là bị lừa thì thật sự họ đang cố tình để bản thân bị lừa thì đúng hơn 😌😌😌",2
Anh ơi anh thử test cái đã mất island có cái con iPhone fake này đi,2
Cất nhà sáng chó anh kkkk,2
để lại em free nghịch với =))),2
viền mỏng phết :v,2
làm videos mà ghép hình này nhạc kia xem như cc,0
mua về nghe gọi cũng oách ấy chứ 😂😂,2
8gen 3 manh lắm nha manh nhat nhi chip 2025 bay gio nha,2
Mua đi phông bạc chs chs chắc ok lắm😂😂😂,2
T co con dien thoai vo la oppo zo thong tin dien thoai la samsung check device ra dien thoai khac  ram 1g android 5 bo nho trong 6gb😅😅,0
Mượt đấy chứ viền cũng mỏng hơn con redmi 9a siêu lag nữa 😂😂,2
Các bạn ơi chỉ cho mình với . Video clip khui kiểm tra hàng quay dài không úp lên shopee được phải làm,0
Trông phần cài đặt y như con BlackBerry đời xưa thật😂,2
1 triệu chắc mua được cái que chọc sim hoặc khay sim,2
"Xin cháo cook!
Đúng là xin chào xong cook luôn.",0
Sao anh không mua con fake loại 1 về quay mà mua chi con này,0
Hellocoll 😂,2
Vãi lồng thật sự chơi trò chơi để quay video cho ae à,0
1 sản phẩm made in cam...bu...chia😂,2
hi a,2
😂😂😂 china mãi đỉnh,2
"Nếu dùng lắp màn con này vào ip thật có được không anh 
Khi chẳng may ip hỏng màn 
Lắp dùng tạm, ko cần độ phân giải cao.
Miễn máy mạnh là đưowci",1
"Tyềng nằu kũa đó. Táo tằu nó rẽ bằng 1/10 tắo mỉ nêng không trắch đượt. Mà ipone tằu này trên shopee giá 37.000.000₫, có rẽ gì đâu.",2
thôi kệ chip ngon là đc:),2
Mua về chế cháo lại chắc cũng được😂,2
1tr7 là ngon r,2
Link trong mô tả toàn link cũ th a,0
Đầy đứa sĩ gái xem xong clip này đặt luôn và ngay 😂😂😂,0
Mấy máy này rất thích hợp cho những người làm đạo cụ phim hay hài kịch á,1
"Vãi, iPhone fake này mở mật khẩu quá đẳng cấp, Vân chân luôn mới chịu 😂😂😂😂😂😂",2
Mua xong quay video bóc hộp -> trả hàng hoàn tiền 100%,1
Snapdragon 8 gen 3 mà lag,0
Vân tay uy tín thật.😂,2
con này mua 5-700 về sĩ cũng dc :))),2
Bảo mật = ADN luôn ấy chứ 😂,2
Hàng fake mà màn hình còn mỏng hơn ss 10 tr 😂,2
"Dạo này hàng nhái đã ko còn chỉ mỗi Tàu nữa, mấy anh Ấn Độ h nhái cũng ác đạn lắm.",0
"REVIEW K BIẾT THÌ ĐỪNG REVIEW
NÓ LÀ I17 BẢN ADROI NÓ GHI IP17 REVIEW LẬY BỐ",0
Nhớ lại vụ con bé thu ngân quán kia bị dụ cầm con ip fake 3tr...😁. Đúng ko am hiểu đt cứ nghe iphone .Táo khuyết  là bị lừa...)).,0
Fake hay thật. Không để ý tưởng thiệt,2
Uy tín 😂😂😂,2
"1tr4 mà màn như thế, cằm mỏng vậy còn hơn khối con androi giá rẻ",0
Mới mua i17prm2t 3tr6 trên tiktok😂,2
.,2
Chiếc đt dành cho sĩ vương 🤡,2
Add dí Trim vào nó cũng mở ý,2
"Mày biết làm vậy những ng thiếu hiểu biết họ xem clip nhìn tiêu đề sẽ nghĩ bên sàn Shoppe làm ăn lừa đảo ko..?
Những ng họ vẫn bị những clip lừa từ xưa như giao cho cái gì đó bên trong",0
Vl lun kkk,2
"Nhấn trả hàng hoàn tiền, shopee nó hoàn tiền còn hàng thì shiper có khi ko thèm lại lấy hàng để hoàn trả luôn.",1
Bên tiktok shop cũng thế  để cái hình là IP 16 Pro Max còn cái tên thì để Realme 14 5G 😂,2
faker kiểu này ngoại hình đẹp mua cái táo dán lên nữa😂,2
Chip led bị bắt làm việc nhiều nhất cho pháp sư từ smart watch đến điện thoại fake 😂😂,2
Đỉnh cao công nghệ iPhone Android 🤡🤡,2
I17 pro max mini,2
1 củ 4 vậy là ok rồi. Bằng gía mấy cục gạch đòi hỏi gì hơn,2
Vậy mà nó có thể lừa được những người mù công nghệ,2
1tr4 viền vậy mỏng hơn ối con trong cùng tầm giá,2
6580 này phải từ 10 năm được trang bị máy dưới 2tr. Thời đấy đã bố của lag rồi,0
Này gọi công nghệ bảo mật bằng ADN,2
Bảo mật tốt nên cài áp ngân hàng 😂😂🤣🤣🤣,2
"Aiphon 17, một triệu tự điển thoại đểu của Trung Quốc",0
Làm video mổ bụng xem thử bên trong đi a Nam,2
Anh ơi anh review s20fe cũ được k a,2
Cái vân tay siêu đỉnh điều mà iPhone và sam sung không bao giờ làm được,2
vậy có trả hàng ko hay mất 1tr4 nhỉ :D,1
"5 năm trước cháu có mua 1 chiếc ss note10+ 2tr2 trên fb dùng được 2 tháng nằm trong thùng rác luôn,mới đầu mua về ra tiệm cầm đồ hỏi bán chú kia định mua lại 500k 😂",2
Nghĩ sài bán rẻ lại em nha anh 😅,2
Android 14 os 🗿,2
"1,4củ= dây đeo+ ốp lưng của ip17 riu",0
Có 1 củ 4 thì mua được điện thoại cũ màn AMOLED rồi anh 😅😅😅,2
"test game vs antutu đi
 anh",2
Cuối cùng cũng đợi đc anh mua con này 😂,2
Công nghệ vân tay 1 người ép tất cả người dùng 😂😂,2
"Anh ơi em đang có tầm hơn 3 củ nhu cầu chơi game tầm trung (ff,lq,cod,thỉnh thoảng chơi ark) lướt face,tik tok,shoppe và nghe gọi ok thì nên chọn máy nào ngon nhất anh.Em đang có ý định mua con iqoo z10x lựa chọn tốt nhất chưa anh và xin anh chỉ thêm mua lúc nào là giá con đấy tốt nhất ạ❤❤ mong anh xem bl của em 😊",2
test game vs antutu đi,2
Android 9,1
Review vivo s30 đi ak,2
"mua máy này để có cảm giác khui hộp, bóc seal iphone 17 pro max. Bỏ ra 1tr4 để được cảm giác khui seal iphone 17 pro max vẫn hời nhỉ",2
Tặng em iPhone 13 Promax Sài nha anh nam,2
Chúc anh nam vui vẻ nha,2
đục lỗ luôn mới ghê😅. Đòi hỏi gì với mức giá này,0
Điện thoại fake em bị một lần rồi iPhone 14 pro max 16gb 1T nó lag kinh Khủng luôn tức quá cái em đập luôn cái iPhone fake luôn:)),2
🎉🎉,2
Giờ có nên mua oppo find x8s plus không anh,2
Mik thấy nhiều ng mua 12 prm đến 14prm nhiều lắm,0
"mua điện thoại củ ở clickbuy ok ko ạ , em xin ý kiến với",1
"35 trieu la 
mua dc 17pro max roi ban",1
Em chon ip 15 pro max,2
15 prm hơn,1
cho em hỏi 15prm có nên lên 16prm ko ạ,1
"Chào anh Dương ạ chúc anh và gia đình nhiều sức khoẻ,cho em hỏi chút ạ là giờ tầm 10 triệu thì với nhu cầu của em là dùng mượt lâu dài em chỉ chơi game liên quân thôi ạ và máy chụp ảnh đẹp và có ngoại hình cũng đẹp xíu ạ và là máy 99-98% ạ thì nên chọn iphone hay android anh.Em cảm ơn",2
"Chào anh, em trước giờ android, giờ đổi qua iphone, tài chính 22tr, Nhu cầu màn hình rộng, thích chụp hình, sủ dụng 4 năm tới. Em đang nghiêng về Ip 15Plus. Nhờ anh tư vấn thêm. Chúc anh và gia đình sức khỏe!",2
"Cháu hỏi vui chút là: mua iphone se3 hay iphone 16e á :3,chúc chú và gia đình thật nhiều sức khỏe",2
"Con chào chú, con có tầm 7tr. Con muốn mua 1 chiếc điện thoại hàng mới để chơi game, pin trâu, sạc nhanh, chụp ảnh chỉ cần rõ nét là được, con không quan trọng sách tay hay chính hãng. Con đang phân vân giữa iQOO Z10 Turbo Pro 5G và Xiaomi Redmi Turbo 4 Pro 5G thì con nào tốt hơn, trong tầm giá đó còn lựa chọn nào ngon hơn không ạ? Nếu gán thêm 1 tháng thì con có 8tr thì có máy nào ngon không ạ? Con cảm ơn.",1
"Chúc kênh nhiều sức khỏe, xin tư vấn DT nào chính hãng như Nubia Z70 Ultra, từ cấu hình đến toàn bộ phím vật lý chức năng mà giá rẻ hơn nhiều không, hàng cũ cũng dc",2
Em đang phân vân giữa iphone 17 mini với samsung a12 ko biết mua dòng nào anh tư vấn giúp em với cảm ơn anh,2
❤❤,2
"Pin iphone 17 dùng được bao nhiêu tiếng nếu chỉ lướt web và fb, còn chỉ xem YouTube là đc bnhiu tiếng vậy ạ?",1
"A Dương tư vấn giúp e tài chính 20tr nên mua ip nào ạ. 
Em cảm ơn !",2
ok,2
"A Dương cho e hỏi tầm giá 10tr thì mua máy Android nào camera đẹp PIN trâu có khán nước dùng làm máy chính dùng khoảng 4 đến 5 năm, e mua cho mẹ ạ, e cảm ơn a.",2
"Chào anh, em có tài chính 15 triệu nhu cầu chính là quay video thì nên mua điện thoại nào ạ. Chúc anh 1 ngày tốt lành.",1
A làm về so sánh con Motorola G100 và G100 Pro đi a ơi e phân vân nên mua cái nào e cảm ơn,2
Em có tầm 5tr đổ lại nhu cầu mạng xã hội và chơi một số game liên quân pubg .. mong anh tư vấn,2
"Anh Dương làm video si sánh 17 thường và 16 pro đi anh, cùng tầm giá 25tr và kích thước
Chứ 17 thường với 15 pro max thì khá dễ lựa",2
"Anh ơi em có tầm 15tr đổ lại. em sử dụng cơ bản ,không chơi game,chụp ảnh đẹp càng tốt .thì nên mua điện thoại nào ạ.em đang phân vân ip14 bản 128,16e,Samsung s25FE hoặc iPhone cũ thì là máy nào anh.mong anh tư vấn!",2
"Bạn dương phân tích giúp, giữa ip 15 mới và ip 14 pro cũ thì mua máy nào",2
"anh Dương ơi, có con máy nào màn nhỏ, lướt mượt, pin cỡ 4500-5500 mà giá dưới 8tr không ạ, em muốn mua cho mẹ em dùng, điện thoại to thì bỏ túi bất tiện ấy ạ, mong anh rep, chúc anh nhiều sức khỏe!",2
Chào b mình muốn hỏi iphone 6 dùng chíp gì mà nghe nhạc chất âm rất hay,2
17 thì múc con 16pro ngon hơn,2
16prm vs 17 nên chọn dòng nào sếp ơi,2
16prm vs 17 thì còn phân vân chứ so vs 15 prm thì chốt luôn 17 ( nếu bằng tiền),2
Oppo find x9 pro  -_-iphone 17 pro chắc nhiều ng chọn 17 pro,0
=)) mới trade 15prm qua 17 sage,2
"Sao cái clip này, tiếng nhanh thế nhỉ",0
First comment.,1
E đang ở bên hàn e thấy giá 16prm bên cửa hàng bên a đg bán quá rẻ hơn bên e tận 6.7tr vn huhu có nên về vn mua kg a,2
Mọi người cho em hỏi em đợi qua tết dương gần tết âm thì máy có giảm giá hông ạ em tính mua mà giá giờ hơi chát,1
"16prm titan samac đẹp nhất, nhìn sang hơn",2
"nhìn đẹp nhỉ, mới oánh tx được 80m đi mua cái luôn",2
"17prm nhìn theo trend mới khác biệt, nhưng nhìn thiết kế titan của 16prmax đẹp hơn nhiều so với nhôm",2
Mấy cha mấy mẹ không có tiền thì chê cái đẹp kia xấu mấy người có tiền cứ cái mới họ mua,0
15promax đỉnh nhất,2
17 nó có tản nhiệt chơi game đỡ lag hơn nhiều nhé 😊,2
Mới lấy 16prm tuần trước nhìn đẹp hơn 17,2
"Tôi IPhone 11 Pro Max mà tôi xài cũng bình thường đây này ( không game, không app này app kia, không chụp ảnh...) thì gọi là chân ái. Bên cạnh đó xài kỹ nữa. Cần gì phải chạy theo công nghệ ( ngoại trừ do tính chất công việc ).",2
"Sau khi xem xét tôi quyết định thấy iPhone 14 pro max lên 16 pro max. Vì 17 prm xấu, dễ móp .. camera 2 con này thì k biết",0
Viettel store 29tr,2
30tr bản 256g liệu có phí quá ko nhỉ,0
"10 thằng thì 9,9 thằng đeo ốp, dán các kiểu. Bày đặt nhôm với titan. Tiền ít ko mua đc xong đi chê, hài thật",0
ở tgdd còn giảm nhiều hơn,2
"Tại sao khi nói cứ phải thêm từ CẢ . Thừa thãi , hay thêm vào cho sang mồm !?
So với cả . 
Với cả là ...",0
iPhone 16 pro thì sao ạ,2
Phải nói năm nay cái con 16 max sa mạc nó giữ giá ác luôn vẫn cứ là 26 triệu con nào pin 93-95 vẫn 25 triệu,2
Ip17 là chân ái,2
"đầu tiên mình dg dùng 11prm xong nâng lên 16plus, song cách đây tầm vào gần 1 tháng định ra mua 17prm nhưng rồi cầm vào thấy nó có cảm giác ko dc chắc vuốt và mọi tác dụng thì nó trả khác 16prm là mấy gọi là 1/9,1/10 thôi , thế là quyết định mua 16prm 256g bản hokong 2 sim vật lý mấy ngon máy cũ mua 26tr pin 97% cảm thấy ko hề sai chút nào cho tới nay dùng quá ngon ok lại tiết kiệm cả chục triệu , giờ máy dg dùng pin 97% mà mấy người cứ hỏi mua giá 26tr bằng giá mình mua thậm chí cửa hàng mua vẫn bảo a ko thích mang ra em vẫn gửi a 25,5tr . Nhưng mình để máy này dùng vì thấy ok lắm",2
14 vẫn là đỉnh cao,2
16prm tết vẫn còn hàng đập hộp kh nhỉ,2
Mình thì thiên về 15 PRM hơn bản titan tự nhiên đẹp mê,2
Đang dùng 16prm quá ổn áp đáp ứng tất cả,2
Air thì năm sau hoặc năm tới nữa mua sẽ ok hơn nhiều :))) !,2
Nói thật nếu có tiền thì mình sẽ chọn mua iphone 16 chứ 17 nhìn nó cứ bị thô thô làm sao đó,0
Chuyển từ 12 prm sang 16 prm mới mua đc 3 ngày dùng k có gì để chê xứng đáng với số tiền bỏ ra,2
"@khoaphamduy9280
Cổ phiếu của apple đã đạt đến $4.000 tỷ, lại nói apple bị ế. Người có tiền thì người ta thích cái gì thì mua cái đó, đâu cần phải theo sở thích của người khác",0
Mới lụm con 16prm 28 đồng,2
iphone 16 pro co len gia so voi truoc kia khong ae?,2
17 có bị tình trạng đang xem review phim trên facebook thoát ra trả lời tin nhắn zalo quay lại mất mẹ phim như 15 tui đag sài ko,2
"Theo nghĩa đen là iPhone Air dành cho những ai quá thừa tiền hoặc là thích cái độ độc, lạ của công nghệ thôi, chứ nói về tính thực dụng và tính bền bỉ thì con 16 Pro Max nó sút ra chuồng gà rồi.",0
16promax Vàng Sa mạc Desert Titanium nhìn sang xịn mịn hơn nhôm trên 17promax..,2
19/9 chọn mua 16prm quả nhiên là lựa chọn đúng đắn😂😂😂,2
Gần 30tr thêm vài tr mua iphone 17 prm tội gì ko mua đời mới nhất,2
10tr thì mua iPhone cũ nào đã vậy bác Dê 🐐 ơi,1
"Nhièu ng k thich 17, mình cung vậy làm đi mua 16prm lại bị tăng giá hixx",0
"Đang dùng 16prm dc nửa năm thấy mọi thứ OK , kiểu dáng thì quá sang trọng và đẹp, 17 nhìn thề quay về quả nhôm nom chán kinh khủng nhìn như điện thoại nhái",0
Có tiền dùng 17prm có lm sao ko,2
Titan sa mạc mãi đỉnh,2
"Mình dùng ip16promax được gần 1 năm nay rồi hôm nay tự dưng máy bị khởi động lại kiểm tra phần phân tích thì có hiện panic full + reset counter ,không biết bảo hành được không ad",0
Tgdd vẫn hơn 30tr và e đã chốt 17 thường cho vk. Vì e đang dùng 16prm cũng khá ổn nhg vẫn quá nhiều lỗi đặc biệt là bàn phím loạn rất tức,0
16 pro ko biết giờ bao nhiêu rồi,1
Ip tù bỏ mịa.,0
E cũng mới mua 16 prm sa mạc new của thế giới di động. Cầm trên tay con 17 prm trưng bày mới thấy cảm giác nó nhôm nhựa lắm. Thấy k nó đẹp ko sang nên e quay xe mua 16 prm. Lúc đó tài khoản 40tr định là ra mua 17 prm rồi đó. 😂,2
iPhone mà tăng giá thì chỉ có nguy cơ ế...tạo cơ hội cho flagsip Trung Quốc vươn lên!,2
"em chào anh ạ
em đã theo dõi anh qua 4 đời máy cũng được khoảng 6-7 năm giờ em định cuối tháng này mua máy mới giá dưới 20 triệu mong anh tư vấn giúp em với ạ yêu cầu là cấu hình mạnh nhất tầm giá màn hình, camera đẹp pin trau sạc nhanh sóng khoẻ. máy chính hãng ạ và không biết có nên mua máy xách tay như là con xiaomi 17 không anh. mong anh tư vấn giúp em và em xin cảm anh, chúc anh cùng ê kíp  nhiều sức khỏe",2
Qua đắc 23 củ vừa tầm,2
Anh dương ơi theo anh bây giờ có con android nào ngang tầm giá 14prm không em định mua 14prm mà sợ máy dựng . Em đang sài 12prm tháng lương này định đỏi lên 14prm mà sợ mua trúng máy dựng anh tư vấn giúp đó là cả thág lương nên em rất cân nhắc . Hay theo anh trong tầm tiền 15-17tr nên mua android xài tầm 3 4 năm . Thanks anh chúc anh và gđ sức khỏe ạ ❤,2
Viettell store bán 16prm đập hộp có 29.290 thôi,0
IP 17 có thiết kế xấu nhất từ trước đến nay. Lại còn xài đồ nhôm nữa ông cố nội mẹ ơi...,0
"Quất em nó từ CellphoneS cũng đc hơn tháng r, k bị panic full hay reset counter, lên iOS 26 pin vẫn trâu xem YT chưa thấy bị loa to loa bé, chỉ vấn đề duy nhất là vào xem tất cả ảnh FB bị lag. Nâng cấp từ con OPPO A9 2020",2
"Anh Dương ơi cho em hỏi là nên mua máy chính hãng hay máy xách tay nội địa TQ khoảng 8tr ạ. Máy chính hãng thì có bảo hành đầy đủ được tối ưu để sử dụng ROM quốc tế, còn máy nội địa TQ cùng tầm giá thì hiệu năng khỏe hơn nhưng vì xài ROM nội địa nên hay bị chậm thông báo. E thi thoảng sử dụng cho công việc nên thấy phần chậm thông báo hơi e ngại dù cũng muốn có con máy hiệu năng khỏe để rảnh thì ngồi chơi game. Em cảm ơn và chúc gia đình a nhiều sức khỏe ạ",1
iphone dòng promax số chẵn luôn là ổn định và đáng mua nhất. từ iph 8 plus - xs max - 12 prm - 14 prm - và bh là 16 prm,2
"Nếu có 17 plus thì chắc có giá khoảng 30tr tròn, oh 16 prm thay thế dk đó 😊",2
May ong số sánh thân 30tr vs thân 10tr 7tr 20tr sao đc tiền nảo của đó,2
Tăng giá để đó bán cho thằng cha nó 😊,2
iPhone 16 pooromac rất đẹp đáng mua,2
Tầm giá ngang finx8 xách tay còn máy nào nữa k ạ,1
"Không biết mn nghĩ như thế nào, nhưng chắc chỉ riêng tôi thấy iphone 16 pro max đẹp hơn 17pro max. Nhiều người mua chắc vì sang chảnh hơn.",2
Anh thử review motorola Edge 60 fusion bản chip dimensity 7400 đi,2
Làm về dt Motorola đi a,2
"Ng tiêu dùng thông minh, thích iphone thì sẽ chọn 16prm; còn đỡ thông minh hơn, thích sĩ diện thì sẽ chọn ải :v",1
Ai có điều kiện thì cứ mua ip17 còn riêng mjk mjk thấy ip 16 vẫn ngon vẫn chưa hết thời,2
kinh nhiệm là đéo mua iphone số lẻ  đag dùng 16pro rất hài lòng dùng 1 năm rồi còn 91% pin =)),2
"Anh ơi em dự định sắp tới đổi từ iphone 12prm sang iphone 16pro hay cố lên 16prm ạ.
Chúc anh nhiều sức khỏe mong anh tư vấn ạ.",2
P/p là gì v a,2
iPhone đáng mua nhất là iPhone ngon bổ rẻ 😅😅😅,2
May năm nay không đổi lên 17prm. Rút kinh nghiệm quả kỳ vọng 16prm cải thiện camera khác bọt so với 15prm. Xưa mà đang dùng 15prm thì cũng chả thèm đổi lên 17prm làm gì. Cái kiểu Apple như này thì đến 18prm vẫn dùng tiếp 16prm,0
iphone 16e giảm giá rẻ hơn cả iphone 14,2
"Con Air đc mỗi thiết kế sp mang tính thời trang hơn thực dụng mà giá quá cao. Doanh số quá thọt so với ip17 thường năm nay, chắc cũng chỉ đc khoảng 2 đời là khai tử thôi",0
đang định mua 16prm thì a ra video :)),2
Buồn cười dùng bình thường không game nhiều thì 15 mà quất tự dưng đi lùi lấy cái màn hình 16e với cái thiết kế cam con chip khoẻ để làm gì không biết,0
"E ms chốt con 16e mua thêm củ sạc + dán cường lực + ốp tổng 15,7tr, dùng đc 3 ngày r..pin trâu kinh khủng vì e k chơi game nên dùng đc gần 2 ngày..camera quay video cơ bản quá đủ r vì 33t k cần quá nhiều như mấy đời cao dùng chẵng hết chức năng..thích con này vì gọn nhẹ",2
"Là một người vừa mua 16e và đã dùng song song 2 máy (ip và xiaomi 13 ultra) thì review công tâm là nếu các bạn đã xác định đc rõ nhu cầu sử dụng rồi thì 16e quá ngon vô địch tầm giá rồi. Mình cần 1 con máy thông báo đầy đủ, mượt mà, bảo mật tốt hiệu năng cao cho các app tài chính, ngoài ra là fb với đọc tin tức thì 16e quá là tuyệt vời, lại còn mỏng nhẹ, pin trâu dùng cả wifi 5g thì hơn 2 ngày mới hết pin. Còn khi chơi game xem phim youtube đọc truyện mình sẽ sang máy android để dùng. 
Nói chung 16e quá tuyệt vời nhưng dành cho ai hiểu rõ mình cần gì. Mấy cái bị cắt bỏ toàn cái mình k cần thì có gì đâu mà lo",2
"iPhone 16e giờ hợp tác với nhà mạng Viettel, a đánh giá lại xem có đáng mua k.",1
ip16e h giảm còn 12m5 nên mua không nhỉ,1
Ngày hnay 16e 256 hàng vn new có 15.5,2
16 e mà cam chéo màn hình như 15 thì giá nó khéo hơn cả 16 thường,0
mua ở vietel có 12tr kèm gói mua hàng tháng 100k 5g,0
Mình mua iPhone 15 đơn giản vì thích màu hồng 😅 còn tính năng của iPhone thì ko biết tại nào giờ toàn xài android,2
bây giờ ngon hơn khi mua lock Viettel chỉ với 12tr5=)),2
Đa số những người chê 1 cam của nó thì chưa từng xài nó =))),2
"Mình mua ol 16e tgdd 13.5tr. Với mình thì đt chỉ dùng xem yt,lướt fb và tiktok,nghe gọi. Chơi game thì toàn chơi những game nhẹ nên cần 1 cái máy bền,pin lâu và mình thấy 16e hoàn toàn phù hợp và đáng với giá tiền. Nói thật mình u40 những công nghệ mới trên đt bây giờ mình hoàn toàn không biết và k động đến bao giờ. Cũng qua cái tuổi sợ người khác cầm 1 cái đt rẻ tiền rồi. Lúc 16e 15tr cũng đang phân vân mua 16e hay 14. Gặp lúc km mua tgdd 13.5m múc luôn 😌",1
"Đang xài S24Ultra đáp ứng mọi nhu cầu giải trí, chụp ảnh, quay phim rồi, giờ mua thêm con này máy phụ công việc xài hỗ trợ phần mềm lâu nữa quá hợp lý luôn kakaka",2
VIETTEL ĐANG BÁN 16E CÓ 12TR490 THÔI Ạ,1
16e có sạc pin không dây ko,1
Viettel Store km giá 12.5 triệu kìa a..,2
16E giờ tgdd bán 13.490 còn 15 thường 17.290 thì nên mua con nào ae ơi,1
"khuyên mn, hãy xác định mục đích sử dụng, tài chính bản thân, và bản thân thích dùng hệ điều hành nào rồi xuống tiền mà mua, thời đại 2025 rồi, tiền nào của nấy, muốn mua đt bn tiền thì cứ xuống tiền mà mua loại đt tương ứng, chứ đừng nghe mấy anh trên này quá, họ muốn bán đt gì thì họ tập trung nói và khen về ưu điểm của nó thôi, mn đừng khôn vặt quá😊",2
"Em vừa mua đây, 12490k của Viettel, kèm gói sử dụng sim Viettel 1 năm.",2
"Đang tính mua ip14 thì thấy tgdd sale con 16e này 
Nên  múc không ae nhỉ",2
"Đang sài iPhone 17pro mà chán rồi ít chụp hình, chơi Game chủ yếu giải trí nhạc YouTube thì nên đổi iPhone air ko em?! Anh trung tuổi 45t",1
Em mua se 2 :)),2
Con màn hình bé khoẻ + pin trâu nhất của apple,2
"Oppo fx 9 mà dùng, iPhone 6s + đang comment 😅",2
"Vn mua vì nhiều cam , nó có về 10tr cũng ít ai mua ok",0
Do 15 tăng giá chứ 16 có giảm đâu mà đáng?😂,2
"Ko dứt ra nổi khỏi ios thì may ra bỏ 15 triệu cho 1 con đt 1 cam, màn 60hz, thiết kế lỗi thời, pin bé, sạc chậm,.... Mà kể cả những người đã dùng dòng pro - pro max chả mấy ai đi mua con 16e làm gì.",0
Chúc anh nhiều sức khoẻ ( anh cho em hoi là iPhone 16 thường có nên cập nhật iOS 26 không anh ? ) mong anh rep!,2
"Cầm trên tay là đã ko đáng mua rồi, nhìn nó cổ hơn chữ cổ",0
Đã tới lúc nâng cấp rồi! Cảm ơn kênh đã review đúng lúc! 16e giá ngon quá là không thể bỏ qua! 👍,2
"máy cũ pim yếu rất mau hết, mua cái 16elock chữa chấy ngon hơn 7tr  máy mới .",0
Đợi 11/11 đi bác. 15 chac về 13xxx 😊,2
"15 triệu cho nguyên con iPhone này thì còn cao :))). Nên là tháng này Viettel hợp tác với Apple để bán iPhone 16e chỉ còn 12,5 - 13 triệu cơ. Tất nhiên với điều kiện là anh phải cam kết xài sim Viettel và xài 12 tháng gói cước 5G từ 150k/tháng mới được Viettel Unlock thành iPhone QT ha. Thì 15 triệu được máy kèm gói 5G xài trong 12 tháng với nhà mạng ngon thì hơi hơn chứ anh :)))",2
Con 15 giờ gần bằng con 15 pl mấy tháng trước😂,2
Opppo reno12 5g 512 thi sao,1
15 củ ..mua 15 utra noi địa ..vấn đề chậm thông báo .mua một con chính hãng giá rẻ là song,0
Mua ai phân 16e .. thừa tiền,0
"Mình mua ở huy44 có 13,4 cách đây 1 tuần",1
"16,7 tr, khá rẻ ip16e",2
14pro và 16e thì nên chọn con nào sốp,1
giờ mà muốn dùng trong khoảng 4_5 năm Xiaomi15 có lỗi ko a,1
"Vừa xem ở viettelstore 12,49 nên mua k ạh",1
"Mỗi Một chiếc cam thì , chả hiểu kiểu gì bỏ ra 10 mấy tr đi mua lj...",0
"Cháu có tài chính tròn 5tr không cố được nữa, cháu muốn mua 1 con cam đẹp chip ngon (trong tầm giá đấy thôi ạ) cháu không cần nó chính hãng hay mới. Cháu chỉ chơi game chụp ảnh nên nội địa Trung Quốc cũ ngon nhất 2 cái đấy cháu cũng không cần thông báo ạ. Cháu mong chú tìm giúp cháu. Cháu cảm ơn chú và chúc gia đình chú mạnh khoẻ❤❤❤",2
ngoài cellphones iphone 16e có 12 tr :(),2
THẾ THÌ THÀNH CẢ 2 MÁY ĐỀU KHÔNG ĐÁNG MUA CHỨ 😅,2
Chiêu bài iphone 15 hết máy  tăng giá để kích ip16e ế,2
Ip16e chạy đc apple in teo lừn không ?!,1
đợi 17e xem sao đã,1
tôi mua ip16 bản thường có 16tr =))),2
cái ngày mai tụi nó tăng giá 16e nè nha.,2
"pin4000, chipA18,ram8 thì quá ngon",1
Có nên đổi Iphone 16 pro 128GB sang Oppo Find X9 không anh Dương ? em chán iphone rồi.Mong được anh cho lên sóng.,2
"17 tr cho ip15 128 à. 😂😂😂. Mua s25, find x8, 400 pro, mi15",2
"hơn 15m iphone dòng thường cũ hoặc mua máy trung quốc thì tốt hơn nhiều,trông cái màn tai thỏ viền dày cộp với 1 cam nhìn đúng chán",0
"Nhân dịp anh Dương khen ip 16e nên em mới dám viết dài dòng. Máy cũ em là redmi note 13 pro muốn chuyển dòng qua ios dùng thử. Em mới mua từ cuối tháng 10/2025 tại didongviet với giá tại store là 15tr1, luôn của sạc là 15tr5. Review em máy nhỏ gọn, cầm vừa tay, lướt web mượt, mọi thứ đều ổn do em thao tác đơn giản, không chơi game nhiều, chỉ lướt fb, tiktok với coi youtube, bị cái tai thỏ nên coi phim không đã bằng. Nhưng nhìn chung so với pin bên redmi thì cảm giác không lâu bằng ( pin redmi cũ em còn 83% thôi ). Tuỳ nhu cầu người sử dụng, em thấy máy này đáng đồng tiền cho ai muốn trải nghiệm ios đời mới nhất và giá lại rẻ ( đừng ai nói em ifan nhé, em redmi fan 4 năm rồi ạ )",1
Con ip16e này chắc là thiết kế basic nhất của điện thoại thời nay rồi. Không có gì để chê vì không có gì để chê thật 😂,2
"bên Viettel Store bán 16e có 12,5 triệu...",1
Theo cá nhân . Ip16e làm máy phụ ok. Ip17 base mới ra giá còn cao . Ip16 thì tạm ổn 😅😂,2
Nếu như ai đó thích cái dòng e này thì nên đợi xem Iphone 17e có gì đã rồi quyết định sau 😎,2
viettel bán 16e có 12tr5. tầm này 16e ngon hơn nhiều,0
"Hiện tại bỏ 15tr mua Xiaomi 14T pro có đáng không anh ( nhu cầu chơi game , chụp ảnh và video ) cùng giá đó có con nào tốt hơn không anh ? Chúc anh và gia đình có nhiều sức khoẻ",2
"dạ chào chú con có khoản 7_8 triệu      con muốn tìm chiếc đt sài bền chụp hình đẹp ,con định mua oppo a6 pro thì ok hong ạ chú. con chúc  gia đình chú và mọi  người nhiều sức khỏe ạ.",2
Quan trọng là ai mua,1
1 cam nhìn mặt sau chả bit iphone luôn,2
với giá này mi 15T pro ngon hơn hẳn về mọi mặt. ip 17 năm nay giá cao mà so với 15T thì hơn mỗi cái logo,2
Mọi thứ điều xứng nếu nó đúng với giá trị,2
"4:51 tôi thì có lý do khác cơ
Hiệu ứng chim mồi ,tăng giá iphone khác để bán đc 16E ,đáng lẽ 16E cũng phải có tình hình chung so vs iphone khác chứ (Ip13 14 cũng tăng giá)",0
Sao Apple cho mấy con SE này chip xịn cao cấp chi vậy mn ?,0
"Cập nhạt đi Dương ơi, 16e ngoài cellphone S có 12.5tr thôi",0
Nếu điện thoại cũ sẽ ưu tiên mua ip còn mới thì ưu tiên androi,0
16E so với S25FE lăn tăn quá thể,1
Mua hàng trung quôc ngon hơn giá củng không tự tăng như apple,2
❤❤❤,2
Lock chính hãng Viettel còn 12tr5 =))),2
"Bắt mua sim mới ,chứ sim cũa của Viettel lại ko dc😂",2
Đắt 😂😂😂😂😂😂,0
Camera thì giống như trở về thời đô đá mà kêu 12tr rẻ,0
Quá tiện chip a18 tháng đki cũng 150k rồi lụm,2
giá này mua được rồi đó,2
Xin anh làm clip số sánh giữa IPHONE 16E và SONY XPERIA 1 MARK 5 ạ. Vì E thấy hai máy giá cũng đnag ngang nhau ạ.,0
mua về không đăng ký mạng viettel chỉ dùng wifi nó có cấm wifi không a,0
"giá rẻ điên nhưng chắc phải năm sau hoặc 2 năm sau mới mua đc do nghèo quá :)) giờ xài tạm con ip 11 pro max, mốt chắc một là mua iphone 16e cho tiết kiệm 2 là quất thẳng lên ip air luôn (nếu giá giảm)",2
Áp dụng 10tr khóa chỉ xài sim Viettel Vĩnh viễn luôn thì ngon tao đk ngay 😂,2
Shoppe có giá 12 có cần cam kết đâu,0
Dùng 11 tháng chet chip thì k cần hoà mạng mới ;)))),2
"mua hàng 99% của FPT còn 11,7 củ",1
Mượt pin trâu OK do,2
"Gói rẻ nhất là 150k/tháng (chưa bao gồm phí hoà mạng nha - phí này thêm 6-70k nữa)
Phải cam kết sử dụng sim Viettel 1 năm ==> 1tr8 + phí hoà mạng 6~70k nữa. Làm tròn là 1tr9 đi.
1tr9 + 12tr490 = 14tr390 
Và CHỈ sử dụng được sim thứ 2 là Viettel nếu đóng cước hàng tháng, muốn sử dụng sim mạng khác phải đóng cước trọn gói 12 tháng luôn 1 lần.
Thôi, lên sọp pe săn sale có khoảng 13tr5 mà bản quốc tế, thích xài sim nào thì xài. 😂",2
"nếu được 1 máy free tôi cam kết xài cả đời luôn , bên mỹ hòa mạng là đc free theo đời",1
"em mới mua 16e này hôm 15 vừa rồi để thay máy ss cũ, nhu cầu của e chỉ để giải trí cơ bản, giao dịch ngân hàng online và check tin nhắn làm việc.
đi làm về mới phải sạc và sạc đầy pin trc khi ngủ (e set sạc đến 80%), sáng ngủ dậy còn 78% mang đi làm đén khi về vẫn còn gần 30%. Phải nói là rất rất ok với các nhu cầu làm việc và giải trí cơ bản
Và bên nhà mạng có nói nếu mua luôn gói cước 12 tháng thì máy có thể sử dụng sim của các nhà mạng khác đc luôn. Như em là e đóng luôn để add thêm sim vina",2
Thuê bao cũ có áp dụng k,2
Con củ lìn này thì tính làm gì sao ko giảm 16 thường thì 5g 3 năm mk cũng múc😂,0
"12 triệu chính hãng của apple, pin tốt, chip A18 thế này chắc hiệu năng là top 1 p/p rồi",2
Ủa sao iphone 11 1m antutu:)),2
Ai dư tiền mới mua,1
lock sim viettel thôi,1
Lock còn 8/9tr kìa mua xài đi ae,2
Khác gì trả góp trả trc nhiều tiền hơn,2
"Vấn đề là nếu đang xài sim Viettel thì vẫn không gắng vào máy được, vì nhà mạng bắt phải mua esim mới, nên muốn dùng sđt cũ phải dùng 2 máy song song.",1
12 củ mua honor gt pro ngon hơn nhiều😂,2
"1. Có 12 triệu, muốn xài 5G thì thiếu gì máy Android ăn chặt con 16 ẻ này. 
2. Muốn xài iPhone cho oai (cũng được) thì cái tai thỏ thế kia, mặt lưng thì 1 cam, ai không biết lại tưởng xài iPhone 8, mất hết cả ha oai. Cố tý mua iPhone 15 có Dynamic Island 
Tóm lại là vẫn khó mua khó bán lắm.",0
Chào a Dương. E chúc và gia đình sức khoẻ ạ. A cho e hỏi trong cùng tầm giá 12-14tr như vậy thì nên chọn mua ip16e mới hay mua ip14pro cũ ạ. Nhu cầu dùng tác vụ cơ bản cần độ ổn định và lâu dài thì nên chọn máy nào ạ,2
Giờ còn làm video mấy con màn 6.1 bé tí này thì chịu.,0
"Nếu đúng là iPhone 16e mà giá 12 triệu, người dùng phổ thông như mình mới có cơ hội tiếp cận công nghệ mạnh mẽ hơn. Nhưng mong là hàng chính hãng thật",2
Dưới 10tr thì quấtt,2
"Ai chơi a56 rồi cho em hỏi có tốt không, hay có nóng quá không. Em cảm ơn",1
Máy thì phế chả ai mua ế chả phải giảm,0
Hết 12 tháng thì sao nhỉ? Có dùng đc sim khác k,1
"1 cam lỏ lắm, thiếu gì máy ngon hơn đâu mà mua 16e",0
"Logo quả táo hết 8tr6. 1 cam, pin yếu, 128g rom, 6-8g ram, sạc 20w. Thế này mà nó bán 12-14tr. Tui chọn Xiaomi 15t pro",0
"Giành cho ae nào chưa biết thì khi mua máy sẽ tự động lock esim Viettel 12 tháng, còn sim vật lý nếu mình đóng đủ 1lan 12 tháng thì sẽ mỡ khóa(chưa đóng đủ sẽ báo khóa trong phần giới thiệu) ,nếu đã đóng đủ sau 2 - 3 ngày sẽ mỡ khóa, và sim vật lý có thể sử dụng sim vina mobi hay Viettel gì tùy thích, còn esim có đóng đủ thì bắt buộc phải 12 tháng mới mỡ khóa, tôi thấy củng ko ảnh hưởng mấy vừa có sim 4g, gọi nội mạng thoãi mái xem tv360.",2
Về 9 củ mua dc 😂😂😂 mà chắc méo có giá đó😂,2
thế dùng xong 1 năm nó có mở khoá nhà mạng k,0
Mua về làm máy chính .. Mua còn Android 7k pin làm máy phụ 😂,2
Thằng cellphone S là thằng ba phải.,0
"Sốc cái gì, giá đó chỉ về sát giá trị thực của nó thôi. 10tr mới chuẩn",0
máy lock VN/A 😅,2
7tr,2
😂 Ế.....,2
"A Dương ơi, e dùng 16promax mã lla , e chơi game bằng wf thì rất là ok, nhưng e bật mạng 5g lên là chơi ko đc nó cứ giật lãng là sao vậy anh, e có hỏi nhà mạng kiểm tra và vẫn ko đc, từ lúc e cập nhật 26.1 là e bị như thế, có cách nào khắc phục ko a dương, e cảm ơn",2
Yêu anh Dương mất rồi 😊,2
Sao đọc comment của 1 số bác nói lô hàng iPhone 16e hiện tại bị lỗi e-sim 😢 chưa dám mua,0
Mình xài con Iphone6s quen rồi công nhận nhìn con 16e đẹp thật 😏,2
anh đương so sánh oppo find9 pro  vs xiaomi 17 pro max lên chọn máy nào đi anh,2
Nên mua oppo find x9 pro hay xiaomi 17 pro max Chúc anh một ngày tốt ạ,2
Oppo 13t đến 15t con nào ngon em ơi anh lướt mạng xã hội không chơi gem nhiều anh lái xe hay sem bản đô em cho ý kiến ah cảm ơn,1
phù hợp cho ai đang xài sim vittel thôi,1
"xin mng tư vấn, e nên mua oppo find x8 pro hay find x9 ạ, nhu cầu là chụp ảnh, chơi game ạ, chúc mng buổi tối vv",2
"Iphone mãi đỉnh. Đẳng cấp 🥰🥰🥰, I love Apple , chúc ae ifan đầu tháng vui vẻ nhé, ae chúng ta mãi là bố của Android fan , đặc biệt là bọn samfan",2
Samsung galaxy A56 vừa rẻ hơn còn ăn đứt iPhone 16e đúng không a,2
"thì ra tăng giá ip 13, 14, 15 để bán 16e à",0
Sử dụng hết 12 tháng là có thể mở lock dùng tất cả các nhà mạng ạ?,1
"Quá ngon ❤❤❤, lũ Android rẻ tiền ko có tuổi tầm này rồi",2
16e có vấn đề nên mới rẻ,0
"chào chú dương , cháu thấy trên sàn shoppe mall thấy ip 15 mới tinh giá áp mã còn lại là 15tr5 thì có lên mua không ạ chúc chú và ekip nhiều sực khỏe ạ",2
"14PRO cũ hay 16e vậy ạ ,chúc anh và ekip suc khỏe",2
Chào anh dương,2
Ủa còn hiệu năng thì iphone 16 tốt hơn s25 + đúng không?,1
Ủa còn hiệu năng thì iphone 16 tốt hơn s25 + đúng không?,1
"em chào anh ạ, anh ơi em đang có một câu hỏi là: Em đang có tài chính khoảng 6m3 và đang thích iphone. Nhu cầu của em là muốn có một con máy dung lượng từ 128 GB đến 256 GB, có thể chơi game và chụp ảnh đẹp, cũng như phục vụ công việc online. Em dùng làm máy chính và cần sử dụng nhiều, em đag thích con iPhone 13 thường. Không biết con này có ổn không anh và nếu mua Android thì nên mua con máy nào ạ.Em rất cảm ơn anh trả lời câu hỏi của em. Em chúc anh một ngày thật tốt đẹp ạ!!",1
Iphone 16e giờ còn 13.8 nên mua không nhỉ?,1
đang phân vân 16e ae cho mình xin ý kiến,1
"Anh dương ơi em đang phân vân giữa xiaomi 15T pro với iphone 16e ở nhà em máy tính bảng và đồng hồ em cũng xài của Xiaomi còn điện thoại em là redmi not 11 pro hiện nay khá cũ và yếu,em đang phân vân giữa 2 máy trên mong anh tư vấn ạ,liệu em có nên đổi gió sang iphone ko ạ,chúc anh và GĐ nhiều sk❤",2
Bao giờ iphone 17 pro max về đúng với giá trị thật của nó thì mua về sử dụng....,2
Mua android ngon hơn rất nhiều,2
Chú Dương ơi bây giờ nên mua 16e luôn hay chờ 17e ạ?,1
iPhone trên shopee  có khay sim hong anh chị em hong biết cho em xin hỏi ngu ạ,2
đang có cây 16 <50 ls pin 100% ai cần hông ạ... sài 13pro quen lên 16 60hz chán hẵn,0
iPhone 13 và 14 còn đáng mua ở thời điểm hiện tại không anh. Nếu đáng mua thì nên mua máy nào em chỉ lướt mxh chụp hình và chơi game nhẹ. Chúc anh sức khỏe 🎉,2
Nó tăng để bán 17 chứ gì. 17 có tăng đâu đang ế,2
Ip tăng giá do đồng tiền Việt mất giá.,0
Đợt tháng 08 bạn mình mua được IP 16 giá 16.7 triệu,1
14prm nếu chỉ chơi game liên quân pupg thì sài đc mấy năm nữa a,1
Nhìn thấy s25plus đẹp hơn,2
"E đang dùng 17prm, muốn tìm máy chuyên giải trí chơi game. Loạn quanh 10 củ màn đẹp ạ. Anh tư vấn thêm giúp em, cảm ơn anh",2
"Cháu chào chú Dương cháu đang muốn tìm một chiếc điện thoại cho bố cháu với yêu cầu chỉ là dùng cơ bản, game rất nhẹ, pin phải dùng thực tế được 4 tiếng liên tục là điều tối thiểu và quan trọng nhất là vẫn phải dùng mượt với tác vụ cơ bản trong nhiều năm (đến năm 2031) và linh kiện phải khá tốt mà cháu thấy samsung dùng sau nhiều năm hay bị đuối hiệu năng và rất hay sọc màn vậy cháu nên mua iPhone 14 Plus hay Samsung Galaxy S23 Plus hay có máy Trung nào rẻ hơn mà đáp ứng tốt yêu cầu hơn 2 máy cháu nói không ạ ? Cháu mong chúc trả lời và chúc chú Dương thật nhiều sức khoẻ ! ❤🎉",1
Mua điện thoại qua shoppe thì có đảm bảo chất lượng ko nhỉ,1
"finx x8 dịp brack friday e áp mã các kiểu còn 12tr có nên xuống tiền không a, 12tr e tính mua 16e",1
.,2
"Mình mua 16plus newseal trên apple flagship store từ sale 9/9 giá 19.8tr
Bây giờ giá ip tăng quá k thể mua được với mức giad thấp như vậy nữa rồi",0
"Nhìn giao diện cửa hàng thì đoán là : hoangha, cellphone, clickbuy",1
"Anh tư vấn giúp em giữa 2 mẫu oppo findx9pro nội địa với xiaomi 17 promax nội địa với ạ, 2 mẫu này hơn kém nhau những gì ạ",2
"Kệ nó, bá dơ cứ thích bình đẳng",0
Ông Cố năm nay bao nhiêu tuổi mà Lumia 520 mới ra trường?,0
Giờ chỉ có cuối năm giảm thôi.,0
Apple hút máu người dùng quá. Tôi sẽ không mua Ip mà chuyển samssung,0
Anh ơi tuy là comment này không liên quan đến điện thoại cho lắm vì giá ram và giá ssd cho pc cao lên không biết giá điện thoại về trong tương lai không biết có tăng không .,2
"em chào anh ạ, anh ơi em đang có một câu hỏi là: Em đang có tài chính khoảng 6m3 và đang thích iphone. Nhu cầu của em là muốn có một con máy dung lượng từ 128 GB đến 256 GB, có thể chơi game và chụp ảnh đẹp, cũng như phục vụ công việc online. Em dùng làm máy chính và cần sử dụng nhiều, em đag thích con iPhone 13 thường. Không biết con này có ổn không anh và nếu mua Android thì nên mua con máy nào ạ.Em rất cảm ơn anh trả lời câu hỏi của em. Em chúc anh một ngày thật tốt đẹp ạ!!",1
Anh cho tôi hỏi iPhone 17 giờ bao nhiêu tiền xin cảm ơn anh nhiều,2
"Con chào chú dương, chúc chú và gia đình sức khỏe, cháu muốn hỏi rằng ip13 giờ còn ngon ko ạ do qua tết con tính mua, con cảm ơn ạ!!",2
Anh Dương cho em hỏi thăm: em TC 20tr tính mua iPhone lần đầu em xài thì nên mua iPhone mới hay cũ và nên xài dòng nào ạ nhu cầu em cần quay chụp đẹp,2
"mới mua ip 16 prm cho bà mẹ ở oneway. 29.9tr, mắc vkl. May mà quay số trúng đc cái sạc ko dây 20W chính hãng an ủi",0
Đúng giá thì là cái giá nguyên vật liệu =)),2
"Cháu chào chú Dương cháu đang muốn tìm một chiếc điện thoại cho bố cháu với yêu cầu chỉ là dùng cơ bản, game rất nhẹ, pin phải dùng thực tế được 4 tiếng liên tục là điều tối thiểu và quan trọng nhất là vẫn phải dùng mượt với tác vụ cơ bản trong nhiều năm (đến năm 2031) và linh kiện phải khá tốt mà cháu thấy samsung dùng sau nhiều năm hay bị đuối hiệu năng và rất hay sọc màn vậy cháu nên mua iPhone 14 Plus hay Samsung Galaxy S23 Plus hay có máy Trung nào rẻ hơn mà đáp ứng tốt yêu cầu hơn 2 máy cháu nói không ạ ? Cháu mong chúc trả lời và chúc chú Dương thật nhiều sức khoẻ ! ❤🎉",1
"Chào anh Dương ạ! Hiện tại em đang ở TQ tới hết năm mới về, có nên mua iphone ở TQ về dùng không ạ! Em mua iphone 17 thấy giá khá ổn. Em cảm ơn ạ!",1
Chứ k phải tại lạm phát à,2
"Em đang dùng 17prm, muốn mua 1 máy phụ để giải trí. Ưu tiên màn đẹp, tài chính loanh quanh 10 đồng ạ",2
"Đồng VND mất giá lắm , đầu năm đô 26 mà bây giờ gần 28 , ai giao dịch crryto sẽ bt",0
"A dương cho e hỏi các điện thoại androi khi đăng ảnh hay clip trên mxh như fb,insta...thì đều bị giảm chất lượng hay chất lượng độ phân giải, điểm ảnh kém đi so với đăng bằng ios phải không anh",2
"theo mình nghĩ nếu mua ipad air m3 thì mua ipad pro m2 lướt cũng ok nhỉ, vì m2 có màn hình 120hz,4 loa với cả face id❤",2
"Em chào anh Dương em chúc anh Dương 1 ngày công việc thuận lợi Và gặp nhiều may mắn
Anh cho em hỏi em đang xài 16 pro Max Có ý định đổi 1 chiếc điện thoại khác tài chính của em tầm 25.000.000 Nhu cầu của em là xài cơ bản cùng với chơi game nhẹ tầm 4 đến năm năm nữa Thì có máy nào không ạ mong anh tư vấn giúp em ạ",2
"nếu nói lạm phát thì phải xem các hãng đt khác, các mặt hàng khác có lên giá ko chứ, còn nói nguyên liệu thì ip cũ 13 14 thì làm gì còn sản xuất nữa, còn ip mới bảo do nguyên liệu đầu vào thì các hãng khác nguyên liệu đầu vào ko lên sao",0
màn 60hz trên air m3 có quá khác biệt vs màn 120hz trên những con pro ko ạ,1
"App shoppe mình mua iPhone 14 - giá 11.9 k😂
Có thấy lên nữa đâu",0
ok,2
"A Dương ơi cho e hỏi mua hàng ở viettablet có ổn k ạ ,  e thấy giá ở đó cũng hợp lí với túi tiền của em ạ ,  em cảm ơn a , chúc a nhiều sức khoẻ ạ ❤❤❤",2
Theo Bác Dương thì cháu có nên mua z fold 7 không thay vì là s26ultra vì cháu đã có s22ultra là máy phụ rồi và cháu cũng muốn trải nghiệm máy gập cháu mới học lớp 9 và kinh tế của phụ huynh cũng dư giả mong Bác tư vấn ạ,1
giá iphone cũ có bị ảnh hưởng k mng ? tính cả các mã vn và nc ngoài luôn,2
"Gấp a Dương ơi tư vấn giúp e. E đang phân vân giữa mi15 256gb với poco f8 pro 512gb mới ra mắt, e thấy giá xêm xêm nhau thì không biết nên chọn con nào bây giờ ạ.",1
tầm bây giờ nên mua 14 pro hay 15 thường ạ nhu cầu dùng 4 năm,2
"Chú Dương và anh em viewer cho mình hỏi, máy tính bảng có thể dùng hud hoặc kết nối không dây để trình chiếu lên màn hình TV không, mình đang định mua chiếc Lenovo Xiaoxin Pad Pro 12.7 2025 để phục vụ việc trình chiếu powerpoint hoặc canva lên TV",1
"em chào anh Dương, cho em hỏi là em đang dùng iphone 12 thường 64gb làm máy chính. Em thấy máy em hiện tại pin đã khá yếu một ngày sạc 2-3 lần, hiệu năng thì khá lag rồi, mỗi lần bấm vào phần camera để chụp ảnh là nó khựng lag. Em đang muốn đổi máy và em phân vân con samsung S23 ultra và xiaomi 15t, cho em hỏi mua máy nào ổn định và dùng được tầm 2-3 năm nữa ạ? Nhu cầu em đơn giản, rất ít chơi game và thích quay video, đọc tài liệu học tập và ghi chú đơn giản, xem phim và youtube. E cũng khá thích iphone nhưng tầm tiền này theo em nghĩ là mua iphone không thực sự p/p lắm. Hay anh có đề xuất máy nào tầm tiền này ngon k ạ. Em cảm ơn và chúc anh nhiều sức khoẻ ❤
ps: em xem anh từ thời anh còn làm cho didongmango và con điện thoại đầu tiên của em là con sony xz anh tư vấn hehe🎉🎉🎉",1
Vào xem mà thấy một số câu hỏi không biết có phải của người bình thường không nữa.,0
"Xem a Dương từ 2021 đến nay , mặc dù vẫn chưa mua được thiết bị công nghệ nào mà vẫn cứ xem đều đều vậy 😂",2
Người like thứ 137,2
"anh Dương so sánh poco f8pro với 15t pro giùm em với, em cảm ơn, chúc anh nhiều sức khoẻ",2
Chào anh Dương em đang dùng IPhone đang muốn đổi qua adr nhu cầu dùng mạng xã hội check mail thỉnh thoảng xem phim tầm giá khoảng hơn 10tr thì có lựa chọn nào vậy ạ.,1
"Em xin chào a Dương và ekip ạ. Em 30 tuổi mỗi tháng dư được khoảng 10tr,  em thuộc nhóm người dùng cơ bản không yêu cầu quá cao về điện thoại. Em đang phân vân giữa 16plus trả thẳng hoặc 17prm trả góp "" cho oai"". Mong được anh tư vấn ạ. Em xin cảm ơn.",1
"chú Dương cho cháu hỏi hiện tại cháu đang có khoảng 14tr  thì nên mua máy nào có hiệu năng đủ tốt  để phục vụ học tập và chơi game , chụp ảnh phong cảnh đẹp và dùng khoảng 4-5 năm ạ. cháu chúc chú và kênh phát triển ạ",1
"hồi a dương mới đi làm 3tr, còn lương hiện tại của e thì 5tr sau gần 10 năm làm cty😂😂",2
"Chào anh Dương ạ chúc anh và gia đình nhiều sức khoẻ,cho em hỏi chút ạ là giờ tầm 10 triệu thì với nhu cầu của em là dùng mượt lâu dài em chỉ chơi game liên quân thôi ạ và máy chụp ảnh đẹp và có ngoại hình cũng đẹp xíu ạ và là máy 99-98% ạ thì nên chọn iphone hay android anh.Em cảm ơn",2
Giờ vivo x80 giá bao nhiêu chú nếu tầm 4 5 củ thì em muốn mua để chụp ảnh,1
"Ở VN iPhone khá chuộng,ở cty mình đa số là dùng iPhone,androi đếm đầu ngón tay",1
Em vừa mua iPhone 15prm cũ pin 87 giá 21tr500 có hợp lý không anh chúc gia đình anh nhiều sức khỏe ạ,2
"6tr5 giờ mua mi13pro hay vivo neo9s pro plus hay tubo 4pro hả a.
E cần cam đẹp màn đẹp pin ok dùng mượt trong 2 năm tới vs tác vụ hàng ngày..chơi liên quân vs pubg thôi ạ
- theo a lên chọn con nào ạ e phân vân quá",2
Để đến năm 2027 rồi sẽ mua iPhone 15t hoạt 15plus  còn bây giờ giá đó đắc quá,1
cho e hỏi 14pro 256 mã vn pin 79% 12tr5 ổn ko ạ,2
Nhu cầu công việc cần chụp ảnh nhiều chủ yếu là chụp vật và cần chụp xa và chụp đêm tốt nên nâng cấp từ ip 12pro lên 14-15 hay là chuyển sang android giá tầm 10-14tr . Mong dk tư vấn,1
"Chào anh Dương chúc anh và gia đình nhiều sức khỏe, e đang xài mi13 cho máy chính và 15pm làm máy phụ, e muốn 1 máy chụp hình đẹp và AI ngon, theo anh là nên bỏ mi13 lên find x8 pro hoặc x9, hay là mua thêm 1 máy nữa ạ, e thích xài mi13 vì nó nhỏ gọn, e cũng thích xài cả adr và ios",1
iPhone 15 mà 17 củ thì cố thêm chút xíu mua oppo find x8 ngon hơn tất,2
"Mình ko phải fan Iphone cho lắm, vừa quất e oppo find x9 18t3 ngon ơ. Tầm đấy ko mua nổi e 14promax cũ mất.",2
😂 kinh doanh khó khăn. Nó tăng thì mình cứ dùng đt hiện tại thôi. Kaka. Ko quá cần thiết thì thôi. Nào đt tã quá mới mua. Kaka,1
"Em muốn mua điện thoại cho bố. Nhu cầu là máy chính hãng, có ghi âm cuộc gọi, pin trâu, chủ yếu nghe gọi lướt mxh tầm giá khoảng 5tr thì mua máy nào ạ, ưu tiên samsung  ạ. Chúc a và gia đình sức khỏe",2
Đúng anh mới tối hôm qua em hỏi cellphones iPhone 14prmax giá tới tận 22 cũ đẹp trời mắc quá anh,2
iphone tăng do vàng với đôla tăng lên bị ảnh hưởng 😅😅😅,2
"Mình xem video của bạn 4-5 năm rồi,này mới bình luận lần đầu.Bạn giúp mình so sánh Oppo fine x8 và one plus 13T được không?Mình cám ơn nhiều,chúc bạn thành công lớn trong công việc và cuộc sống",2
Xin chào,2
Tăng giá thì mua làm gì ? chắc có bệnh rồi nên mới cứ đâm đầu vào mua . 😂😂😂,2
"Nói thật, hiện kinh tế đang khoa khăn, lũ lụt toàn nước, đồ điện tử đã k giảm còn tăng, tăng quá thì k mua thôi",0
Tôi sài s24ultra mùa s25ultra hay đợi s26ultra ra mua thích màn hình to ủa tiên Samsung,0
❤❤❤,2
"Samsung dùng cơ bản mua dòng A3x A5x trở lên thôi, mấy dòng này lag lắm. Thật sự luôn ấy, căn bản là do OneUi nó cũng ko nhẹ",0
"Với ai xem lâu năm thì biết là ông anh này trước kia từng ở Relab, rồi ảnh ấy phiêu bạt qua bao nhiêu kênh như thinknew, fpt, v.v.... Rồi quay lại relab, fan cứng a P",2
Nếu dùng cho phụ huynh thì ổn,1
toàn lùa gà chỉ có thể là sam lỏ nhìn bề ngoài hào nhoáng bên trong kh khác gì đống rác được tân trang đẹp lại vậy mà khen hay tầm giá đó đt tàu nó vã bốp bốp?????,0
Do máy hay do pin mà mới mua về đã thấy nó tụt ác như nhà táo vậy =)),2
"WOW giá rẻ mà chê 4GB ram là ""đuối""  . Bỏ thêm >500k ( >1/4 giá trị máy )  để lên 6GB và 8GB là lựa chọn hợp lý ư?
Kênh review tiêu chuẩn cá nhân quá. Phải ghi lại cho tụt hạng mới được
Ý cá nhân ( ví dụ ):  không phải 3GB là ngon rồi, cao hơn phí tiền ra giá rẻ mà cho thứ dư thừa với đa số độ giá đội lên thì đắt ra không còn rẻ. 
Ngoài ra còn vài ý cá nhân khác nhưng không nói tránh lộ ý tưởng cho kênh đối thủ ^^.",0
Ô này review chán quá a Tuấn Ngọc của tui đâu 🥀,2
"😢samsung đang cố chơi taatstay với hãng tàu
Mà k ăn thua.",0
"Cũng ổn rồi, mà đợi trải nghiệm thực tế cái",1
Chỉ cấn cái 4GB Ram,0
Săn sale shopee 1tr9 new seal mới kích hoạt đúng 1 tuần. Vui nên vợt luôn con tai buds core + sạc 25w nữa tổng 2tr6 chả có cái combo dth Tàu nào chơi lại 😂😂😂,2
"😏.🤣😂
RC Á;))))))
🐕‍🦺 OR 🐐 TUỲ Ý HUYNH;))))",2
"t nghĩ kênh tìm hiểu cho kĩ, a07 dùng chuẩn bộ nhớ ufs 2.2 chứ ko phải emmc",0
Tầm này ngon thì vẫn A06 5G,1
"Tại sao Samsung lại ra mắt Galaxy A07 và A17 vào hơn giữa năm 2025, nên ra mắt vào năm sau cho đồng bộ A27, A37, A57 còn giữa năm nên đặt là A06S và A16S cho hợp lí",1
hơn 2 đồng thì g99 và emmc cx không quá bất ngờ 🐦,2
Rác công nghệ,0
G99 mà lại emmc 😭😭😭,2
Ko có samsung dex thì né,0
Con này có AI như circle to search ko ad,1
"mấy dòng A0 nhìn
 quả giọt nước thấy chán quá",0
Thua nhiều chứ sao Mạnh Như được ad ơi,2
Vãi quạc nghe thấy G99/100 là thôi khỏi check giá 😂,0
Anh Tuấn Ngọc đâu rồi mấy nay ít thấy ảnh lên hình quá,2
"Con này dùng lác lắm, nhẹ như đồ chơi",0
Tập phá giá đi nào...,0
G99 chạy eMmc vãi linh hồn,2
Đang xem bằng a05s,1
Tôi xem rồi đẹp chất lượng thật  rẻ  chíp ngon 6 ram tốt nhất,2
Tôi đang xem bằng ss s9+ còn rất mới 80%,0
Hồi trước anh Dê rất ghét SS 😅😅😅,2
Giá tốt,2
Đang xem bằng ss m12,1
Có nfc k b,2
6g ram thì nên mua nhé ae còn  4g ram thì lag lắm t mới mua bản 4g ram sài khó chịu vô cùng,0
Sam bán phá giá để cạnh tranh với hàng Tàu 😅,2
Mức giá hợp lý chính là chìa khóa thành công toàn cầu của Galaxy A07. Sản phẩm này đáp ứng được nhu cầu lớn của đa số người dùng trên Thế Giới. Rất đáng mua!,2
Đang xem bằng tiger 12😂,2
Bền chặt,2
Mua bên thế giới di động được tặng củ sạc ý,2
Đây là galaxy a07 với ram 6gb và rom 128gb,2
Anh tư vấn máy ss đáng mua để chơi tết đi a,2
So voi te no camon 20 là chết,0
Đang xem bằng a06 5g,0
Ram4 Kùi quá sao sam sung ko lên tầm ram6 thì OK hơn,0
"Tâm giá ấy mua Xiaomi ngon hơn hẳn, Samsung giá rẻ không ổn đâu",0
đang xem = s10e sọc màn,0
Giá như vậy ở quê thì mua ở đâu,1
"Mình mua 2 máy a07 và 06 5g đã sử dụng cả 2,  về thiết kế a07 cá nhân thấy đẹp hơn, chip ngang ngang nhau nhưng a07 đôi lúc thấy lag hơn a06 5g. pin sạc ngang nhau.",0
2tr còn mua mới 😅😅,2
Đang xem bằng samsung a34 😂😅😂,2
Nếu màn nốt ruồi thì best choi hơn😂,2
"Anh dương cho em hỏi, giữa vivo x300 thường và x300 pro có khác biệt nhau nhiều không ạ. Em tính mua x300 cho nó rẻ.",2
"Samsung đã là đt android nổi tiếng trên thế giới r, mà đời a07 còn có nhiêu thứ ngon hơn đời trc nhiều nx thì bán chạy là điều đương nhiên r, mong a07 5g dùng dimen 6400, viền mỏng hơn síu + tăng thêm dung lượng pin thì best choice",2
Samsung A24 hơn 6 củ mà cũng chỉ helio g99 đây. Hơn 2 củ mà có helio g99 là ngon rồi,2
Đang xem bằng a36 5g,1
"Chú Dương ơi, galaxy A15 5g cháu đang dùng mà hiện tại còn tốt ko chú :)",2
Mình muốn mua sam sung A36 theo kênh của bạn thì giả khoản bao nhiêu tiền,2
"Cho em xin so sánh giữa samsung s25FE và xiaomi 15 pro plus với ạ. Em cần chụp ảnh đẹp, tác vụ cơ bản thôi, e ít chơi game. Nếu có lựa chọn khác thì a cx tư vấn cho e luôn ạ. Chúc a và gia đình nhiều sức khỏe",2
Đang xem bằng a26 5g 😘,2
"Em được gia đình cho lên đời máy mới mà là hãng samsung , h em đang phân vân nên dừng lại con a56 5g 12/256gb hay cố lên mua s25 fe 256gb luôn ạ ,nhu cầu là học tập giải trí ,edit video bằng capcut , chơi game thì thỉnh thoảng . Mong chú rep ,chúc chú có nhiều sực khoẻ.",2
Đang xem bg A36,1
Đang xem bang galaxy a07,1
Bây giờ nên mua redmi note 14 5g không ạ (dùng làm máy chính lâu dài) hoặc có con nào tầm giá này đổ xuống mà ngon không ạ,2
Anh ơi . Giờ em muốn mua 1 con redmi 14 or 15 mục đích chỉ để quay video đóng hàng. Mà tài chính khoảng 3tr thì a tư vấn cho em mua loại nào được nhỉ.,2
Ah ơi sao em ra hỏi chỗ TGDD thì redmi not 15 là 10 triệu,2
tuyệt Vời 🥰❤️,2
Anh có con nào dưới 4 triệu chiến game ngon giới thiệu Em với pin trâu tí nữa,1
Hôm nào kênh làm video về thịt dê nhiều món,2
e cũng phân vân giữa redmi 15 với note 14 quá a Dương cho e lời khuyên nên lựa chọn con nào đi ạ,2
"Mua shoppe redmi not 14 3tr270 đáng mua k a, e tính mua cho phụ huynh",1
bữa 11/11 săn dc con redmi note 14 4g 6/128gb trên sàn cam có 3m3 quá ngon,2
đang xài note 13 máy chính và chạy grab thông báo định vị vẫn ok chờ note 15 seri về thì update lên,2
"Mình xài Redmi Note 14 4G làm máy chính, ngon ẻ 😂",2
em mới mua Redmi note 13 pro 5g  8 256  với giá 5tr 5 có đáng với số tiền bỏ ra ko anh,2
Tui mua 1 con huawei matebook fold là muốn chết luôn rồi giờ muốn bán ghê,0
"Con chip snap 685 rất là lag,đa nhiệm kém.v...v,con chip gánh không nỗi hiệu suất  của máy redmi 15",0
Giá này. Mình mua cách đây 3 tháng rồi,1
thấy ae đánh giá con tecno spark 40 pro khá nhiều nhưng mình tìm chỉ thấy bản pro+ tầm giá 5tr :<<,0
"mình đang dùng note 14 4G làm máy phụ đây, nói chung nghe gọi lướt fb này kia thôi, k dám chơi game nặng luôn, đa nhiệm k ngon, ram 6Gb nhưng khả dụng cỡ 3.5Gb thui, mở chừng 3 4 app là máy khựng liền, đóng mở app cũng delay, vào camera thi thoảng bị lag luôn. Hồi mình mua chính hãng là 4 củ, giá cũng rẻ đối với 1 con máy chính hãng, đủ dùng cho những tác vụ cơ bản, pin tụt khá nhanh, được cái bộ nhớ 128Gb lưu trữ ok, thông báo nổ ầm ầm. Còn máy xách tay 4 củ thì mua được con bèo nhất của iqoo là iqoo z10x, ngon gấp đôi con này.",1
"chú Dương ơi tầm 15 triệu mua iphone gì ạ cũ -mới đều được , nhu cầu quay toptop chụp ảnh và game liên quân. dùng trong 3 năm nữa ạ .",1
Mình đang dùng note 14 4g làm ĐT chính ai giống mình không,1
"Con spark 40 pro.màn hình đẹp thật,xem video như thật luôn.",2
Giá vẫn cao hơn tecno spark 40 pro.,1
"15 16tr mua S24 Ultra đầu 2026 thì còn ngon ko ạ, hay có máy nào tốt hơn ạ(ko sử dụng hàng xách tay) chúc a Dương sk ạ",2
Ông này hôm nay làm videos này loạn thật lúc thì đưa hình ảnh con redmi not 14 5g nội địa lên lúc thì lại đưa con chính hãng 3 camera lên mang tiếng kênh lớn mà làm videos như xít uổng công tôi xem video của ông suốt,2
"Tuần trc săn em 
Xiaomi Redmi Note 14 Pro 5G 12/512GB tại Thế giới di động tặng Loa Xiaomi nếu ko lấy quà đc giảm 2tr.
Xong quay voucher 6% 10% đc giảm 1tr nữa quá ngon.
Tính ra máy chục triệu còn 7tr lẻ xíu",2
mua note 14 5g tháng 5 năm nay tại tgdd 7290n . phải đợi tới giờ mữa rẽ hơn kkkk,2
"Mình sài xiaomi, dù hàng chính hãng mua ở FPT nhưng trễ thông báo kinh khủng. Bị vợ chửi vì nt không trả lời, sếp chửi vì gọi không nghe máy. Ớn",0
"Chào chú Dương, con ra trường đi làm đc 4 năm. Đang dùng 1 redmi note 13 pro 5g là máy phụ và 1 s21 fe 5g máy chính. Màn hình s21 fe 5g vừa sọc màn, con cần mua một con máy iphone làm máy chính, ngân sách max 16 triệu: mới cũ đều đc, màn hình lớn càng tốt. Cảm ơn chú và chúc chú nhiều sức khoẻ và kênh phát triển hơn nữa.",1
A dương cho em hỏi là giữa xiaomi 15 vs iphone 12 pro max đều hàng cũ mình nên chọn con nào ạ chúc a và gia đình nhiều sức khoẻ ạ,2
😂 uầy hôm 11 săn dc em poco x7 pro bản 8/256 giá 5tr940😂😂 đã nhận dc xài ok phết.,2
"E chào a dương, Chúc a và gia đình luôn mạnh khỏe. Em đang có nhu cầu mua máy phục vụ cho công việc và giải trí. Em khá thích Oppo A6Pro nhưng camera lại ko có góc siêu rộng., A tư vấn giúp em có máy nào bản nâng cấp hơn của máy này ko ạ? Nhu cầu của e là chơi mượt game nghịch thủy hàn, có camera góc rộng, pin trâu 1 chút và có thể sử dụng khoảng 4-5 năm, giá tầm 8 - 15tr. Em cảm ơn",1
"K ngại Tiếng Anh tiếng Trung và thích Khám Phá , Tìm Hiểu xài quen giao diện Xiaomi  thì Redmi Turbo 4 Pro cũng là 1 sự lựa chọn giá Dưới 5r rưỡi",2
"Not 14 không chống rung, m7 chống rung. Máy giá rẻ quay chụp không nét mấy rồi không có chống rung càng nhiễu khó chịu hơn",0
:) nên mua m7,2
Em đang phân vân giữa 2 con luôn thì anh ra video,2
Sao không thấy nói gì về a26 được update 6 năm trong khi 2 con kia chắc cao lắm 2-3 năm nhỉ chắc do điện thoại tầm này ít ai dùng tới 6 năm à 🤔 còn ê xịt lốp 1380 thì vẫn mạnh hơn con 7025 ghẻ kha khá vì nó mạnh gần bằng 778g còn 7025 chỉ hơn g99 chút,0
🎉❤,2
Máy này có hỗ trợ e sim ko nhỉ,1
máy này ở tgdt có kinh doanh k,1
Ngon quá hơn cả redmi,2
Pin 7000 so với pin 5000 của sam sung ntn🤔⁉❓,1
So sánh với Nubia V70 max dc ko🤔⁉❓,1
"Mình chỉ muốn biết con này bắt sóng có tốt hơn vivo hay không thôi, mình ở trong vùng sóng điện thoại yếu, cho dù máy ngon cở nào mà không bắt được sóng thì cũng vứt",0
Chung quy cũng Trung Quốc ko phải canada.tầm tiền này mua con xiaomi not 13 5g là ok hơn,1
Mặt lưng nhìn đẹp quá trời ❤,2
Máy này quá ổn rồi,2
Anh lam motorola G 35 luon anh cam on,1
Mọi thứ đều lởm. Thế kỷ 22 rồi vẫn sài kon tríp cùi lỏ 12nm đời nhà Tần 😊,0
Cho mình hỏi các Đt dòng này của Motorola khi nhấn ghi âm cuộc gọi nó có bị báo tiếng cho 2 bên biết như điện thoại xiaomi không vậy,1
Review moto g35  a oi,2
Nói chung là trong tầm giá này là OK rồi. Muốn tiền ít mà thịt nhiều thì không có giá đó đâu,2
Chíp gì vậy,2
Mới mua con này công nhận Sài ngon các bạn đừng chê nhé tôi nói thật trong tầm giá vậy là quá ngon ❤,2
"Thôi xin :))), lỏ khiếp",0
Tui sài 1 tuần và có đánh giá: ngoại hình sang trọng. Sạch ổn pin trâu. Chơi game ổn. Mình ủa chời Vohieptruyenky 2 thấy k lag,2
Ram4 yếu thế.mua cho phụ huynh dùng thôi,0
Motorola bán cho Lenovo lâu rồi giờ smartphone của Lenovo sẽ mang thương hiệu Motorola,2
Tui dùng con Motorola Gplay 2024 ngoại hình tựa như con này bị lỗi cứ tự động sáng màn hình hoài tắt ko dc mua xách tay cũng chẳng bk nơi đâu để xử lý,0
Vả chết mấy con samssung cùi bắp,0
"Màng hình tầm 5,2 inh ngon",1
Một Nhật hay trung qủa,0
Mua ở đâu vậy a Dương,2
"vấn đề có tồn tại cập nhật lâu dài k , bài học vsmart còn đó nên còn băn khoăn",1
gần 3 củ mà pin đến 7000 thì ngon quá rồi còn gì,2
Sao thấy nó cứ giống giống con Redmi note 10 5g hay JE quá ta @@,0
Thiế kế motorola nhình rất nhẹ nhàng,2
Tôi vừa trúng giải moto G06 power từ Motorola ❤️,2
A dương cho e hỏi sao các review số mọi người đều không nói về tính năng thứ lọc  âm chống ồn của các dòng máy theo e tính nag này cũng quán trọng khi quay video và theo a các con máy Motorola về vn tính năng đó liệu có ổn ko e rất thích Motorola xưa e dùng con e398 với con v3 oke lắm. Mong a giải đáp. Chúc a sức khỏe thành công.,1
Dạ anh có hữu duyên làm em bài về Motorola G100 pro anh nhé ạ. Em cảm ơn ạ!,2
"2,8tr là qua ôn hợp lý rồi ❤❤❤",2
Màn hình giờ ng ta đục lỗ hết r . Giờ con kiểu giọt nc nay nhìn lỏ wa,0
Cái mặt lưng của nó kiểu mịn zít. Như con moto e398. Ngày xưa.,2
Nên mua laptop nào dành cho hs cấp 2 cấp 3 vậy bạn DƯƠNG DÊ,2
Đt bây giờ kiểu.. chip mạnh=  pin cùi ..pin mạnh =chip cùi. Pin+chip mạnh= camera cùi. Cái nào cũng xịn thì đắt =)),0
Rẻ quá❤😮,2
Con này mà có bản ram 6gb lại chả chốt ngay. 4gb ram nó giật thì thôi nhé luôn 😂,2
Ôn rồi ..ngon người già,2
đt này giá này mua xiaomi  redmi note 13 ngon hơn,2
"4/128 thì ko ấn tượng nha, ráng Ram 6GB mới ngon. giá nới một chút cũng ko sao",1
"Con này rất phù hợp cho phụ huynh, mình định mua con này cho mẹ mình xài.",2
làm g86 đi anh,2
Mọi người cho em hỏi là mua điện thoại qua mạng này có ổn ko? Em thấy con samsung galaxy a13 đang phù hợp túi tiền của em. Mà em chưa mua qua mạng bao giờ nên không biết thế nào,1
A làm về moto G35 đi a..với lại về con chip G35...nếu dc a so sánh G35 với dòng máy nào trong tầm giá lun đi a,2
thua mấy con tecno và infinix hết,0
H mà còn 4gb ram ch o ai dùng đt mở lòng hả. Tệ chi cũng 6gb ram chớ. 6gb rom 128 4 củ tôi dứt lun 😂😂,0
3tr vậy quá ổn rồi,2
Moto giờ cũng là tàu,2
Mua ở đâu vậy anh,2
Làm clip G 35 luôn anh ơi,2
"Motorola hơn SS củ sạc, tần số quét, ốp lưng, ram mở rộng được. Ngon ngon",2
"Mấy con moto này phải mua mấy dòng máy cũ g power ... Xài chip 6gen1 hay 778g 🤣🤣🤣
Chứ cấu hình này thì thua",0
h mà nokia ra androi thiet kế đjep v ok,2
😂😂😂😂,2
"Con này phải xài G99 Ultra , Ram 8G trở lên thì may ra bán đc 1tr9",0
"kỳ vọng motorola phải mang tính đặc trưng như trước cơ, kiểu như apple bây h ý, chứ tnay thì vẫn chung chung quá",2
anh ơi con này khỏe bằng vsmart aris cũ không ạ,2
Này chạy grap thì ok đó.,2
G86 anh Dương ơi,2
Ốp này ít nữa thành màu cháo lòng luôn😂,2
thương hiệu motorola bây h có giá trị đâu mà cứ nhắc motorola 😂,0
Vãi xem video 4k mà giật lag thế thì sài đc cái gì . con này chỉ được quả pin với loa kép còn lại kém cỏi tất . nhưng 3tr bạc nên cũng ko quan tâm lắm,0
Giá  vậy  cũng ok  samsung  a 07 thì cũng vậy tùy thích mỗi người,2
Motorola  lần này  làm đẹp,2
"Mình vừa mua g86 power được vài ngày, vuốt chạm đơ đơ khựng khựng sao sao ấy 😤😤",0
CTY tàu mua lại bjo lấy tên lại thôi,2
hay,2
Làm video điện thoại tầm trung 7_8triệu đi a Dương.cam ơn,2
Cau hinh qua yếu so với con oscal tiger 12/256,0
Chú làm clip mở hộp dòng điện thoại Motorola G86 Power 5G đi chú.,2
4G ram thì hơi đuối nhỉ.....,1
Em thấy pin cứ tầm 5k là đủ dùng rồi thay vào đó nâng cấp pin thà nâng cấp chíp hay ram còn hơn.chứ chíp yếu dùng lỏ lắm,0
Chờ thời gian nữa giảm giá về 2 triệu mua là ngon. Mua vì cái logo và viên pin thôi. Chứ cấu hình này chơi Liên quân cũng không nổi đâu 😅,2
Con này được có hơn 200k điểm antutu chứ làm gì đc hơn 300k,0
Tôi mới chuyển qua sử dụng samsung mà thông báo đến tại sao máy không tự động sáng màn hình khi thông báo đến như các hãng điện thoại khác,0
"Ss A07 mà mua , con này lỏ quá",0
Chiếc điện thoại này chơi game mượt k A.,2
Có chậm thông báo không,1
Pin tầm 6500mah thì ngon sạc 100W thì đẹp,1
Huawei mobile phones have multiple patent innovations🎉,2
Nếu không bị cấm thì giờ đâu phải xài tạm vivo 😢,0
HW nó mạnh đến mức mẽo phải chơi bẩn cấm vận luôn mà. nó mà đc tự do thì iphone ra chuồng gà,0
"Chờ vivo s300 ultra năm sau, chắc siêu đỉnh",2
Vừa lướt đc cái video huawei mate pad chạy song song đc cả window và hamony os xịn vãi,2
"Pin 6 ngìn cơ à. OPPO, Xiaomi , Honor cười nhẹ phát",2
bản cao cấp mà độ phân giải chỉ full HD+😅,0
đẹp,2
Phải có tiền,2
Cảm giác như Huawei nằm ở 1 cái tầng khác của thế giới công nghệ vậy á trời 😵,0
Làm cái máy thiết kế tùm lum từa lưa. Sến rện. Xấu vô cùng tận,0
Huawei vẫn sản xuất điện thoại quả là một kì tích.,0
"camera ngon nhưng chip k chịu nổi cũng vậy, chán bỏ mịe",0
Năm nào Huawei cũng tung ra thông số khủng nhưng camera đâu có nổi trội,0
"Mé ko bị cấm thì trùng thật mà tầm này con 7mm mà vẫn gánh nổi,chứng tỏ tối ưu ngon",0
"sao vẫn cam 50mp với 48mp vậy , cam cùi v sao chụp nét được",0
ProMax mới chịu 😂,2
Màn hình Huawei xấu vãi,0
Hóng vl,2
"Chụp ngon thật
Nhưng cái vòng ráng thành số 8 thành ra hơi quệ",2
Trông thiết kế mặt lưng xấu vkl.  Tông giống bếp từ đôi vcđ.  Nhìn quê đcđ,0
Con này mà lắp dc 8 elite gen 5 vô thì bá cháy😂😂,2
Khổ vãi bị cấm chip ko thì bá đạo luôn,2
7nm thì dùng không được lâu. Giá thì cao😂,1
Chip yếu thì ko thể nào quay chụp đẹp được,0
cam giống mate 60 đẹp phết,2
Đang làm vân tay dưới màn hình tự nhuên chuyển sang cạnh hông chịu thâth,0
"😏.🤣😂
RC Á;))))))
🐕‍🦺 OR 🐐 TUỲ Ý HUYNH;))))",2
Cụm cam chả khác j honor x9c nhìn phèn,0
Vẫn 7nm vứt,0
Huawei giờ chắc còn mỗi công nghệ chip là thua thiệt anh em bạn dì,0
"Cái sợ nhất khi mang ra khỏi Tq là cài app và thông báo . Một số app ngân hàng ở Vn đã bắt đầu chặn không hoạt động khi cài app kho ứng dụng ngoài không thông qua chplay . Kể cả cài thông qua ứng dụng ảo giả lập ch play cũng không dùng được . Vetc, sacombank cập nhật bản mới k dùng dc luôn.",0
"Sài chip QC 8 Elite gen 5 có TV,  hỗ trợ Gg thì lụm 😆",2
cụm cam lại xào lại thiết kế của Mate 60,0
Liệu chip có gảnh nổi :))),2
:),2
Hi ah,2
Huawei mua bản nội địa chứ quốc tế cắt giảm camera pin rồi còn dùng Android 12 nữa thì mua hãng khác hơn.Đằng nào cũng không có google rồi,0
"viền này dày tổ chảng mà ổng đi khen siêu mỏng, tràn viền , blah blah... 😂",2
Em có bản sách tay ai mua e pas lại ạ,2
cho em hỏi đã ai dùng dc 5G trên con máy này chưa nhỉ,1
con này có nóng ko các bác? chứ e dùng con p70 pro nóng vc 😅,1
Một hãng đt tiềm năng như vầy sao lạy cấm vận thật lãng phí.Oppo của TQ sài phù pin luôn nhưng ko bung nổi nắp lưng còn samsung 2 năm là bung tè le.,0
"Vấn đề là ap ngân hàng, vnid các ap thường có dùng dc ko",1
Chip này với con chip 2200 trên ss s23fe sao a,1
Chip quá yếu Anh ạ,2
đây là bản quốc tế nha mọi người. Huawei dòng quốc tế sẽ dùng EMUI còn nội địa trung sẽ là HarmonyOS nha,1
"đang sài x8p nđ
tương lai hướng đến xiaomi ultra hoặc huawei",2
Tưởng về pura 80,1
1080p60 nét hơn 1440p hay sao vậy bạn,1
Nhìn thiết kế cụm camera sau cam to cam nhỏ...nhìn điêu thật 😂,2
vẫn đang dùng Xiaomi xách tay chỉ cần thông báo nhanh gọn lẹ là được,1
Xiaomi 15 utrall đã vl rồi dòng huwei thì cầm vcl luôn,2
nhìn đẹp quá,2
"Hoàn thiện tốt, mỗi tội là dùng chip 7nm
Sau nó mà ăn cắp được công nghệ quang khắc thì ngta sẽ mua huawei",2
Chíp cùi os đời tống chỉ loè thiên hạ giá trên trời ngu dần mới mua,0
Giá bao nhiêu và mua ở đâu ạ,2
Chíp 7nm đời nhà Tần mà giá bán quá hoang tưởng.,0
"sạc kia là chuẩn 3 chân Anh, dùng phổ biến ở Anh,  Sing, Malay",1
cụm cam đẹp nhất trong các hãng đt,2
Màn hình chỉ có 1 tỏi màu thôi hả😅redmi13 của tôi 68 tỏi màu cơ😅,0
thử tháo chíp này ra lắp 8 elít ko bt có đc ko,1
Bẻ cái cây nhựa đó đi thì thành 2 chân rồi..mua chi cho tốn tiền,2
Vui lòng giới thiệu mình 1 con chuyên livestream  ổn nhất. Xin cám ơn !,1
Việt Nam học theo Mỹ. Tự cung ứng nội địa hóa gì cũng bị Mỹ đè,0
Thờ là học theo nền kinh tế Mỹ,0
Việt Nam thờ Mỹ gì cũng bị Mỹ đè chưa biết ngày nào,0
Trung Quốc thờ Mỹ bị Mỹ nó đè,0
"Nhật Bản thờ Mỹ, bị Mỹ nó đè",0
Đa số mấy nước thờ Mỹ hay phản Mỹ,0
Chứ thờ Mỹ có ngày Mỹ cấm vận,0
Tao thờ Singapore thôi,2
Mấy ông nội Mỹ chính là nguyên nhân sau này tạo phân cực kinh tế,0
Hàn Quốc và Nhật Bản hay Trung Quốc thờ Mỹ tự sản xuất trong nước,1
Đa số nước nào mà thờ Mỹ điều học theo Mỹ tự sản xuất,0
Sản phẩm hoàn thiện tốt chỉ có Huawei mới làm được. Huawei gần như giống với iPhone,2
Giá Huawei cao quá,0
"Vch 1tr điểm, chả thấy có cái gì ăn đc vivo với oppo",0
Châu âu họ dùng Huawei không sợ Mỹ,0
Bị Mỹ cấm vận nhưng còn sản xuất smartphone đẹp như vậy. Đủ biết là huawei giỏi cỡ nào,2
Đẹp,2
Mấy thằng phản nghèo dùng android giá rẻ giàu phản nghịch mua Huawei,0
Chung thủy với Android đẻ con gái cho vui,2
Điện thoại HW thiết kế đẹp thật.,2
"huawei máy mượt vc, giờ họ mà thiết kế dc con chip 3nm thì ngon phải biết",2
Bản nội địa trung trong video mà lại chạy emui,0
"3.5mm jack: no :))
Có bro nào trên đây độ đc cổng tai nghe cho những máy ko hỗ trợ ko nhỉ. Miềng thuê vs giá 300k-500k/máy
Ai làm đc thì liên hệ miềng",2
Có bán quốc tế là OK rồi,2
Điểm trên 1tr là ok rồi vs lại huawei chỉ để chụp hình nghe gọi chứ mó làm ra đâu phải để game đâu,1
Thích cái màu đỏ mận trên bản pro+,2
Em thấy vậy là cg mạnh òi,2
Nhìn mặt sau kinh hãi 😅,2
Cho mình hỏi h mới bât đầu chuyển qua sài đt sách tay định mua iqoo oppo.. những hãng có sẵn tiếng việt thì có ổn ko mọi người có những lỗi nào ko cho mình hỏi ❤❤❤,2
Em dung cơ bản không choi game thì thoi điểm gio nên mua iphon 15 nữa không hay mua iphon 16 vậy ạ duong,1
Nếu bán chính hãng liệu có ai mua không?,0
Chíp cùi mua lm j,0
Mỹ nên mạnh tay hơn nữa vs tàu khựa nhất là vs huawei phải làm mọi cách không cho huawei ra bất cứ sp nào hết,0
Có con nào chính hãng mà hơn được 14t ko nhỉ ❤❤,2
😏. 🤣😂,2
Chúc anh Dương Dê vui vẻ nha,2
Tặng em HUAWEI PURA 80 PRO Sài nha anh Dương Dê,2
Mua lúc mới ra luôn gần 12 củ bản cao nhất + cục sạc,2
Quay phim chụp ảnh có đẹp bằng ip 14 trở lên không anh nhìn nó đẹp quá,2
"Tiền đâu để mua thì ông ko bả, chán thật./",0
"Tiền đâu để mua thì ông ko bả, chán thật./",0
Mua cho Bố mẹ dùng con này và oppo Reno 13 - máy nào dùng ổn định lâu dài Anh nhỉ,1
"Mình đang sài s21+ , trước đó sài Z fold 5, chắc có lẽ k mua Ss nữa, ám ảnh quả sọc màn, đời nào cũng dính",0
Em cũng đang xài cái A56 của em và đang xem video của anh nè,2
"Con này pin tụt nhanh, sạc liên tục",0
Giờ ko tiền mua ông tăng 1c đi😐,2
E muốn mua con ạ 56 nhưng không thấy chữ kích để mua đâu nên không thể mua,0
Sắp Ra Dong Mới nên Ss Giảm. SS giờ Không Như Xưa Nữa Hay xanh và Sọc,0
Ae đợi sau tết khả năng giá còn giảm nữa,2
Sạc mấy trăm nữa,2
Sao e k mua đc,2
Mình vừa đường link giá 6t9.,1
Link mua đâu rồi?,1
Sao tôi không thấy link ?,2
Mua trên shop hàng mới hay đã qua sử dụng rồi. Hồi giờ chưa mua trên đó,1
"Ra the gioi di dong fpt 6,5  + 3'5 trieu ìa",0
sao dương dê khong bán trực tiếp giá này cho mọi người,0
Muốn mua con A56 với giá này thì phải làm sao,1
Xạo loz,0
.a duong ơi mua trên này máy có phải chíng hãng và mới 100% ko,2
Xem muộn hết lượt.quá tiếc,0
"Mình mua ở TGDD cách đây 4 tháng trước,bản ram 12/256 gb.giá 11trieu mấy trăm luôn.hớ rồi 😢",0
Trước có đợt mình mua được 5tr650 trên livestrem,2
Samsung Galaxy A56 có hơn Samsung galaxy A73 5G tui đang dùng không hả anh em?,1
"a tư vẫn cho e giá 13,14 tr nên chọn galaxy 23 utrar hay chọn những sản phẩm cùng phân khúc khác  . chụp ảnh quay phim đẹp",2
Thế giới di động vẫn 10 củ,0
Mua xong phải mua thêm sạc hã mn,1
"Mình mua trước 4 tháng (7/2025) có 6,7 triệu",0
rẻ,2
Có giảm giá z flip 7 ko ?,1
Tôi vừa mua trên thế giới di động gần 12 cu phiên bản 12/256,0
"Hết vocher rồi hả mọi ng, mình ko thấy link shope đâu hết",1
"Đang đợi giá này, đáng mua, chơi luôn 1e",2
Con này mà ông Dương kêu mỏng nhẹ?,1
"Vừa mua đợt 11.11 vừa rồi giá 6tr4, đối với 1 người trước giờ chỉ dùng đt Android giá rẻ thì đúng là sang 1 trang mới luôn anh ạ. Dùng thích cực 😄",2
"Được tgdd cho phiếu giảm 5% tối đa 500k, mới đặt cọc con xiaomi 14t 12/512gb 10tr700 được voucher 500 nên chuyển thêm 570k là cọc 10%, thì có nên chuyển qua mua con này không mọi người nhỉ",1
"ủa mua trên shope rồi thằng ship giao dỏm thì sao trời, mua đồ triệu sợ vãi",0
mua trên shope đúng tào lao,0
Vậy đợi đến ngày black Friday có rẻ hơn k,1
sắp có a77 rồi,2
Máy lỏ chạy chip exynos hết cứu,0
Hồi cuối t9 mình mua qua live shopee 6tr3. Mà mua như này mà 6tr6 là quá ngon rồi,2
"A dương ơi cho hỏi với ạ 
Là 13prm và 15plus trên nhau 1tr thì nên trọn máy nào ạ 
Công việc em hay nghe gọi nhắn tin 
Tối về hay chơi game nx ạ
Cảm ơn a chúc a và gia đình nhiều sức khoẻ❤",2
"mình vào sohpee cũng chỉ6,7 triệu",1
Kể cả là giá này thì cũng ko đáng mua,0
5tr2 mình mua được turbo 4 pro,2
"Anh Dương ơi, em sinh viên có khoảng 4-5 tr thì nên mua máy nào có cam chụp đẹp với pin trâu vậy ạ. Em chúc anh nhiều sức khoẻ ạa",2
XL,1
Hết rồi,0
"Đợt tháng 6 húp mã live 25%, A56 còn 6tr3 luôn",2
Shop này  có  bán  đt ss a36 đâu  anh,2
A57  chưa ra,2
thế ông nào mua A36 hôm sales 11.11 giá 5.7 bị hớ mẹ nó 300k,0
Ai mua chưa rivew cho xem với,1
"Dân văn phòng không sử dụng phần mềm nặng giờ vác SS A56 về hợp lí, nhưng đã chọn sao không chọn 12GB/256GB cho thoải mái. Nhưng vấn đề shopee để mỗi bản 8GB/128GB. Đúng kiểu xả đồ tồn 😂",2
Quả chip Ê Xi Lốt nó chán vcl.méo muốn mua,0
"@duongde_official a ơi, xem các video của anh cũng lâu, nhờ a tư vấn giúp, em đang tìm một điện thoại cho ba mẹ. Yêu cầu có độ bền và kháng nước tốt (do làm công việc đồng án), không yêu cầu vêd cấu hình (chỉ dùng để xem Youtube, lướt fb, gọi video call). Giá rẻ nhất có thể ạ. Cảm ơn anh. Chúc mn sức khoẻ.",2
Làm gì vân tay trong mà hình đâu a dương,2
"mấy đợt sale trước thì giá nó có 6tr2, 6tr3 thôi.",1
"Mình mua qua link của anh Dương video trước có 6.4 tr nhé. Máy mình chat này luôn ạ. Máy mới tinh 100%, anh em cứ yên tâm nhé. Đợt đó mình cũng săn được poco x7 pro 6,5 tr nhưng mình không chốt giờ nghĩ lại mình hơi tiếc xíu thôi. Chúc các fan kênh anh Dương sức khỏe ạ. Mong được lên sóng.",2
Là mình thì vẫn mua a 36,2
"chênh nhau 200k nên chọn tecno spack305G hay spack40 vậy a , em chay shiper",1
Sao minh ko có thấy voucher add,2
Vậy a55 có khi còn giữ giá hơn a56,0
thich cam tron nhu a55,2
Sao mình thêm vocher vẫn ra 7tr,0
A56 2 thang tháng trước đã mua được trên shopee 6tr3 rồi. Giờ mà kêu mua 6tr7 thì chịu rồi anh ơi. 😂😅😂,2
mấy đợt sale trước cũng toàn 6.5tr. mỗi tội dùng chán,1
e vừa tậu con a56 giá khoảng 6tr5 từ yt shopping về cho mẹ e dùng,2
Em phân vân con này với redmi note 14 pro +,2
Bản 12/256 8tr7 kèm sạc 25w ok không ạ,1
Sắp ra A57 rồi,2
"Hàng sam phân Ế hàng nên mới phải đẩy giá như thế 🤣🤣,của rẻ là của ôi",2
Bữa xem áp mã còn có 6tr1,2
Mua Iphone trả góp 😘,2
Ms vô đã hết hàng rồi 😢,2
Sao vào mua toàn hơn 8 cu,0
làm sao để có voucher youtube ? tk shopee của mình giá 6tr9,1
"Có khi còn dưới 6,5 triệu nữa kìa.",1
Sao m vẫn thấy 6935k nhỉ,2
Mình mới mua 6.3tr😅,2
A05 có giảm không vậy,1
"Ng bán ko lầm chỉ ng mua lầm
Đt càng ngày sẽ càng rẻ",2
A nên cho link mua hàng lên a ạ,0
Đang xem bang Samsung s25ultra,1
Tham khảo tại CellphoneS : https://cellphones.com.vn/dien-thoai-samsung-galaxy-a36.html?utm_source=pr&utm_medium=DuongDe&utm_campaign=dien-thoai-samsung-galaxy-a36.html_09052025,1
"Xaoimi chỉ dc thời gian đầu thôi, qua thời gian nó giật lag kinh",0
Thay vì cố a56 thì lấy a36 rom 256 🙂,2
Thiết kế của Samsung hình như na ná như của Sony Xperia thì phải,1
Máy A36 A56 bản 12/256GB bán rất hiếm ạ. đa số máy A36 A56 loại 128GB bán chạy hơn so với nhưng dung lượng hơi ko đc thoải mái lắm nếu quay chụp thường xuyên mà máy bị cắt giảm thẻ nhớ thì mất công hơn. Nhưng để mua bản 256GB thì rất khó vì giá cao & cửa hàng ko bán loại này. Cho nên tiếc,0
Nếu mua cho phụ huynh dùng lâu dài 3-4 năm trong tầm giá 7 triệu thì máy nào ngon nhất nhỉ,1
"Anh ơi, xem thử điện thoại loại nào tốt nhất trong khoảng 5 triệu đi anh",2
"Điện thoại Samsung Galaxy A20 của tôi đã dùng từ năm 2019 mà vẫn tốt, thỉnh thoảng hơi đơ thôi. (6 năm rồi, bây giờ là tháng 9/2025)",2
"Có đt sámung nào tầm 6-7tr mà chụp hình đẹp , giống thật k mn",2
A 36 sóng vina quá yếu,0
Giờ điện thoại tàu nó ok quá rồi. Hiệu năng tầm giá mấy con samsung như shit.,0
tầm giá 10 tr lựa dòng nào shop ơi,1
"A 56,a36, Oppo Reno 14 series 5 g, chọn máy nào, phân vân, nhiều người khen chê",1
Dt thoại xịn mà mạng yếu thì cũng giật lắc phải ko a,0
Ở thời điểm hiện tại thì S24 FE so với A56 thì máy nào ok hơn vậy anh ơi. Mong anh phản hồi ạ,1
"Ông anh mua A56 mình mua A36, xài cả 2 con thấy ngang nhau về tính năng không khác gì mấy, A56 viền nhôm đẹp hơn tí thôi, A36 tiết kiệm được khúc, chip A36 xài lành hơn mát máy hơn. Đáng mua A36 hơn vì xài ốp thì còn nào cũng giống con nào😂",2
"Nghe nói con A36 sài nóng máy có kg mn, ai sài rồi cho xin ý kiến với ạ",1
Ss M53 5g xách tay 3tr có đáng mua không mn,0
Sam sung thương hiệu Việt nam 😂 ông anh học ở đâu vậy ạ,2
A Dương cho e hỏi con  A36 và iphone xsmax mình nên mua con nào sài ok mượt hơn vậy a..,2
A ơi e đang phân vân ip12pro và sam sung a56 5g thì nên chọn máy nào,2
"Điện thoại trung quốc có dùng mới biết. Con gái m mua con red mi 12 giá 4 T mà dùng dơ, giật lác kinh khủng ko thể bằng con a06 của ss. Cho nên ko phải cấu h cao mà ngon. Bây h mình tránh xa đt tàu",0
"5 6tr cả cũ và mới có con android nào chụp ảnh đẹp ko ạ, nhất là chụp seo phi giống iphone ạ",1
A36 có 5G không anh em,1
Điện thoại Trung Quốc chính hãng nào có thể cạnh tranh với Samsung a36 vậy bạn DƯƠNG!,1
Mấy anh em dùng Mấy giòng sam sung này ghi âm cuộc gọi có thể ghi âm được nhiều cuộc gọi không ạ,1
cho mình hỏi iqq z9 với z10 con nào ngon hơn vậy mọi người,2
Ss sợ sọc màn lắm,0
A36 dùng nhanh bị nóng điện thoại,0
"Cầm trên tay thì a56 đẹp và sang trọng hơn hẳn a36 nhé mn ,lúc đầu mình cũng định mua a36 nhưng 2 con để gần nhau thì a56 đẹp hơn nhiều ,tiền nào của đó thôi😊😊😊",2
Em ơi nên chọn 8G-128 hay 8G-256 vậy.Cám ơn em.,1
Nhìn con a26 đẹp hơn con a36,2
Mua online A56 giá 7Tr thôi a e 😊,2
Ssmsung hay bị lỗi. Ko bao giờ mua Samsung,0
mn cho e hỏi hssv mua máy lần đầu thì nên chọn ip14 plus cũ 256gb hay ss s24 plus 256gb mới để dùng ổn định và lâu dài ah,2
"Tôi dùng samsung còn thứ hai ,có lẻ không dùng con thứ 3,vì nhanh sọc màn hình sau 1 năm.",0
A55   như nào a  các bác❤,2
Sam sung chẳng có cái nào đáng mua xài 1 2 năm lang do,0
A55 mà quất viền kloai sac 25w k khác nhìu 45w,2
"Mình mới mua cho ba mình con A56, ba mình chỉ xài cơ bản, mạng xã hội nghe gọi youtube , không game. Mình thấy nó hoản hảo.",2
A có the cho em địa chỉ mua sam sung chính hang mà lại đúng giá k a cam ơn a rat nhiều,2
Cảm ơn anh đã tư vấn  em tin anh se chon a36 anh ơi cho em hỏi a nói a36 chỉ có 7 triệu 7 nhung ơ thế giới di động lại co mức giá hơn 8 triệu là sao anh có thể tư vấn mua ơ đâu cho đúng giá k a,2
"Hôm trước định mua con A36 làm máy phụ, mà thấy hình thằng hth làm đại diện nên quay xe qua Redmi 14 5G :)))",2
Bác này nói đúng nè. A 36 xài thực tế hàng ngày thì ngon hơn 56 luôn nhé. Đó là con chíp chất lượng Snapdragon,2
"chào anh Dương, chúc a & gđ nhiều sức khỏe
em muốn tìm 1 con dung lượng 512 Gb để lưu ảnh video nhiều, camera ok, ko chơi game, mong anh tư vấn ạ.",2
Anh oi poco M6 pro dùng đc lâu dài ko anh,2
Anh Dương ơi so sánh giúp em giữa Poco x7 pro với Redmi turbo 4 pro. Điểm mạnh của turbo 4 pro có đáng để đánh đổi với hàng chính hãng ko?,2
Ko lỗi kíếm ánh sáng thì mọi thứ đều ổn,2
"Tôi vừa mua A36_8/256 được hơn một tháng tính cho đến nay (8,7triệu) dùng rất sướng 😅.",2
Ah dương đt galaxy a36 a56  có NFC ko ạ,1
Mình chọn giá rẻ dòng M tầm 4 củ vì quả pin 6000mh.,0
Đang phân vân giữa con a56 với con s24e ae cho xin ý kiến tham khảo,1
Kinh phí 8tr nên mua con xách tay nào vậy m.n chủ yếu chơi game,1
Con a55..a56 quá đẹp,2
Mình mua combo a56 5g và tai nghe bud fe giá 7tr4. Săn trên shoppe mail của ss. Chịu khó săn giá đó rất ok,2
Trong tầm này còn con m55 giống con a36 nữa. Ko biết có ngon ko,1
Theo  chú Dương thì nên mua xaomi14t hay iPhone 14 a. Nhu cầu chỉ chơi game nhẹ quay video a,2
chú cho cháu hỏi cháu có con máy phụ xs bị liệt phím q và nửa  góc màn hình mà giá ep cảm ứng người ta lấy tận 800k  bằng giá màn gx theo chú cháu nên ép cảm ứng hay thay màn gx ạ cháu chúc chú và gia đình nhiều sức khoẻ ạ❤❤,2
Em vừa mua A36 hôm nay trên shoppi giá 5tr570k còn được hoàn 200k xu tính ra trừ xu còn đúng 5tr370k shop mô tả là hàng đã kích hoạt bảo hành được vài ngày giá như vậy có ok không ạ em mua của shop mail,2
Anh Dương có thể làm 1 clip so sánh 2 dòng Galaxy A và M của Samsung không ạ?  Nếu anh chọn 2 chiếc cụ thể đại diện cho 2 dòng (mà có giá xêm xêm nhau ở tầm trung) để so thì tốt quá ạ. Cảm ơn anh.,2
Anh Dương Dê làm video đánh giá về vivo x200 ultra đi ạ! Cảm ơn anh,2
Em mới nhận a36 hồi sáng luôn,2
"Cháu chào chú ạ, mong chú tư vấn giúp cháu điện thoại dành cho sinh viên ạ. Hiện tại cháu đang dùng Oppo A57 đến nay đã được 6 năm và đã hỏng phím nguồn cũng như âm lượng nên cháu muốn thay điện thoại mới ạ. Nhu cầu dùng điện thoại của cháu là các ứng dụng nhận gửi tin nhắn như Messenger, Zalo, nghe nhạc, đọc sách và tài liệu, chụp ảnh và lâu lâu thì có xem Youtube thôi ạ. Cháu muốn điện thoại có thể dùng lâu dài (khoảng từ 5 năm) và trong tầm giá từ 4 - 6 triệu ạ. Cháu cảm ơn chú đã dành thời gian đọc bình luận của cháu. Chúc chú sức khoẻ ạ.",1
"Trong tầm giá 11tr có con iphone hay samsung nào đáng mua không chú, nhu cầu của cháu là chụp ảnh đẹp và chơi game tầm trung. Chúc chú và gia đình mạnh khỏe 😊",2
Samsung thiết kế sản phẩm rất đẹp. A56 và a36 nhìn ở ngoài thực tế đẹp hơn trong hình.,2
giờ này mà còn giọt nước thì thua 😂😂 nhìn chán thật chứ lậy,0
còn 1 điểm nữa là A36 không có NFC còn A56 thì có NFC thì phải,1
"A56 mua hôm 15/5 trên shope chỉ có 7,2 tr",2
a56 trên shopee hiện đang giảm còn 7tr nha,1
"Em gần đây quan tâm đến vivo x90 peo nhưng lại ko thik màn cong
A rcm e con máy cùng tầm dưới 10tr hiện này mà ngang tầm camera koa h",2
"E chào a Dương. 
Rất mong a làm về chủ đề Iphone 128GB + Icloud so với Iphone 256GB. Cái nào hơn",2
"Tài chính dưới 10 triệu thì nên mua đt gì ạ, yêu cầu pin trâu bộ nhớ cao",1
A26 là con chim mồi cho con A36🤣,2
Con A36 phải trang bị Exynos 1480 là đúng hơn,1
"Chào a Dương, em theo dõi anh đã rất lâu chắc cũng 7 8 năm rồi, từ hồi anh còn đồng hành với Người Lạ.
Nhờ a tư vấn giúp em con máy tầm 5tr, cũ hay mới xách tay hay chính hãng ko quan trọng, nhu cầu của em là xem phim nghe nhạc nên muốn tìm máy nào có loa nghe hay tí, e chỉ sử dụng các tác vụ cơ bản hằng ngày và thi thoảng có chơi game nhẹ, chúc anh Dương nhiều sức khỏe.",2
"Đã mua A36 5G vào đúng ngày thứ 3, ngày 6, tháng 5 😍🥰",2
Cam trước A55 hơn cam trước A56 phải không ạ ?,2
Anh cho em hỏi là ip13 và ip 14 chênh lệch nhau khoảng 1tr6 thì nên mua con nào ạ? Cảm ơn anh chúc anh nhiều sức khoẻ,2
Chú dương cho cháu hỏi là nên mua điện thoại TQ quốc tế hay nội địa ạ? Cháu chỉ dùng một máy chính thôi ạ.,1
"em nên chọn máy nào giữa samsung s24 plus và iphone 15 vậy anh Dương. Em đang cần máy xài ổn định, camera đẹp, pin đủ dùng 1 ngày, chơi game tầm trung. Chúc kênh ngày càng phát triển",1
Chào anh dương em đang phân vân giữa galaxy a55 hay là  galaxy a36 em xem YouTube chơi ff chích Samsung ❤,2
"Galaxy A56 : https://cellphones.com.vn/dien-thoai-samsung-galaxy-a56.html?utm_source=pr&utm_medium=DuongDe&utm_campaign=dien-thoai-samsung-galaxy-a56.html_20032025
Poco X7 Pro : https://cellphones.com.vn/dien-thoai-poco-x7-pro-5g.html?utm_source=pr&utm_medium=DuongDe&utm_campaign=dien-thoai-poco-x7-pro-5g.html_23032025",1
Anh ơi. Em bấm theo link sản phẩm của anh trên shoppee. Giá có 6tr4 là sao anh nhỉ. Link mua trên shoppee của anh có phải hàng chuẩn ko anh,2
Tôi chọn samsung vì samsung mang lại nhiều lợi ích cho đất nước và người dân việt nam.,2
poco x7 pro quay video 60fps ss 30fps,1
"Mua ss nếu bạn có thừa tiền mua thêm phụ kiện, dán cường lực. 

Mua poco nếu bạn muốn tíêt kiệm chi phí",2
"Mình mới mua cho mẹ vợ 1 con A56, và có ngó qua con Poco X7, thì con Poco X7 xấu quắc, A56 ok luôn",0
Mình đang dùng sam sung a56 có bạn nào đang xài poco x7 pro không đổi với mình,2
"mn cho minh hoi,giua a56 va oppo reno 12 5g nen chon may nao,gia nhu nhau.",1
"Con a56 của e đo antutu ra 1242517 điểm, lệch quá không biết máy có bị lỗi ko a 😢",2
"chơi mỗi liên quân 1 ngày chắc tầm 3-4 ván nhưng em sử dụng mxh và các app học tập và làm vc thì nên chọn con nào, chup ảnh cx khá it",1
Nói tóm ngắn gọn là màn của SS chưa có hãng nào qua mặt đc nó cả 😂,2
"Xiaomi tôi có mua vài con để chạy livestream cho shop tôi , ngày chạy tầm 7h mà 4 tháng pin đã phồng to phải đi thay , con nào cũng thế , mua 2 cái samsung dòng M để làm máy liên hệ cho nv shop thì thấy ổn , ko khá cái gì nhưng cũng ko  tệ . dòng S của samsung từng có thời gian làm máy chính nhưng dc 2 năm là thấy xuống toàn diện , yếu hẳn",0
Anh chị tư vấn giúp em galaxy a56 và poco x7bro con nào  ngon hơn em ko chơi game ko chụp hình em thích pin trâu sạc nhanh,1
mình chạy sp poco có bi trễ thông báo không,1
Chết main như poco m3 k😅,2
"Chào anh Dương. Nhờ anh tư vấn giúp em nên mua Oppo Find x8 bản nội địa hay A56 12/256Gb. Bỏ qua vấn đề giá bán thì nhu cầu em cần là quay phim chụp hình, mạng xã hội và chỉnh video capcut, ko chơi game.. em mua để sang Nhật sử dụng, cám ơn anh Dương.",1
"phải chi xem sớm hơn thì chắc mua poco gòi,😢",2
👍,2
"Mình thấy một điều mà ít người đề cập là samsung nhìn pin nó có 5k nhưng nó trâu hơn hẳn mấy hãng khác pin 5k đó chứ, chưa kể Samsung hỗ trợ phần mềm lâu dài hơn nữa, đâu chỉ bán mỗi cái thương hiệu đâu nhỉ =.= Đt SS xưa giờ trong tầm giá kiểu nó không quá mạnh cái gì nhưng cái gì nó cũng đủ tốt, nói đúng ra là toàn diện, an toàn.",0
A56 dùng sạc 25w được k mọi người,1
Chào Anh Dương em có 8Tr muốn mua 1 cái máy để quay video. Anh có lời khuyên nào tốt nhất cho em không ạ.Máy nào cũng được em chỉ cần quay video ổn định đẹp. Em cảm ơn anh.,1
"Đang sài x7 pro review sơ qua:
Màn thấy oke đó đẹp
Thiết kế thì đẹp nha 
Hiệu năng thì quá mạnh r 
Cam đủ dùng 
Os thấy oke cx mượt, chưa thấy lỗi
Pin trâu nếu mxh thì đc cỡ 8-9 tiếng game thì 6 tiếng
Có ip 68/69 ngon
Chọn con này nếu thích pin trâu, hiệu năng mạnh, thiết kế hầm hố, cam đủ dùng",2
"Cứ samsung hàng A mà lích , mình đang dùng con  a32 , rơi nứt màn & rơi sỉ hàn cháy vào màn hình trong , vẫn mượt xem phim & pin 5000 vẫn ok mình mua từ tháng 3/2023 ( giờ bán họ trả mình 300k , lúc mua 7000 ) để sài tạm khi đi làm rất ok .",0
"Nếu bạn nào hay đi công tác xa trung tâm thành phố thì không nên mua a56, nó bắt sóng cực yếu",0
"đã bán con poco x7 pro qua con a56 ko hối hận,",0
"Mua về sử dụng cơ bản lưu trữ file, chụp hình   vs thỉnh thoảng  chơi game( liên quân, pes)  thì a56 ổn ko ạ",1
Thích màn hình phẳng và chất liệu của a56 nhưng thể ngửi nổi cái viền dày của nó 😂.,2
Nếu Oppo reno 13F 5g so với Samsung A56 thì cái nào oki hơn ạ,2
Mk định mua máy cho phụ huynh mình thì lên chọn ss hay poco ( nhu cầu chủ yếu là dùng chạy grab ),1
"mua cho mẹ a56, còn tôi dùng x7 pro nhưng thấy của samsung cảm giác vẫn hơn nhé k hiểu sao lắm",2
"Em mới mua Poco X7 Pro bản 12/256 giá 7tr2 nè anh, thằng Samsung chỉ hơn màn hình và AI thôi anh ơi, còn lại thua tất cả.",0
Màn hình ss nó nét đẹp hơn nhìu.chụp hình cũng đẹp nhờ AI,2
s thấy poco x7 pro 5g trên shoppe có 6tr5 nhỉ @@! thấy hoang mang quá shop xiaomi store luôn,1
"Nên chọn con nào đây ae, đang phân vân quá",1
Sam sung lag vkl,0
Poco cam xấu,0
"dòng đt xiaomi TQ này dùng app ngân hàng của VN có yên tâm ko anh Dương..?
em đang dùng con Huawei Mate 40 nội địa TQ, tải các áp như zalo Facebook meseg. đều qua APK, có các ứng dụng ngân hàng VN mà em ko dám tải về dùng, xin anh và m, n chỉ giáo ạ",1
"Mua con xiaomi note 14 pro plus sài được 3 tháng , giật lag phải bán đi mua con ssa56 này sài cảm thấy mượt mà sắc nét OK lắm",0
Giá shopee áp voucher vào còn 6tr5 quá ngon cho poco x7 rồi,2
"Vừa làm 1 con Poco x7 pro chạy app grab thì ngon đét, màn hình thì auto ra sáng vẫn ổn áp chả tối gì, pin sạc thì khỏi bàn tới rồi, chip thì out trình hết cùng phân khúc.",2
"Chiều nay vừa mượn A56 bản 256GB chụp thử của đồng nghiệp. Cam chính mầu nhợt nhạt chán lắm, thất vọng định mua cho phụ huynh",0
Bác nói màn của Xiaomi hơn về độ chi tiết còn được chứ nói về độ nổi khối đẹp thì màn Samsung bao giờ cũng ăn đứt Xiaomi. Mình đang dùng con Samsung A73 với Xiaomi 14Tpro đây màn A73 thua về chi tiết nhưng độ nổi khối hơn hẳn Mi 14Tpro.màn Amo bọn Trung Quốc làm nó cứ bị bệt xấu kinh khủng kể xả máy cao cấp😅,0
"Chuyện bít rồi nói,mãi,sao lại so với máy tàu,hịu năng toàn diện máy tàu đều hơn gấp đôi mà giá lại rẻ nữa😅",2
Xem để thấy so sánh thôi vì tin nhắn mình gởi bởi poco x7 pro,2
Này là mua ở đâu cũng chính hãng à mọi người,1
galaxy a26 với galaxy a35 thì con nào ngon hơn vậy chú,2
"Hôm nay shoppee sale poco x7 pro 8-256 giá 6,7 triệu. A56 7,6 triệu, săn nhanh mọi ngươig ơi.",2
"Đã sạc chậm mà mua máy còn k có cục sạc 😂 , phải bỏ thêm tiền mua cục sạc rồi ốp lưng thì thôi dẹp",0
Reviewer lâu năm mà nói A56 8/128 9tr5 với X7 pro 12/256 9tr2 ngang giá??? Sao ko xem bản A56 12/256 giá bao nhiêu (trong khi canh sale thì Poco rẻ hơn nữa).,0
Tổng thể Poco ko ăn đc Samsung  A56 là chắc chắn.,0
"Samsung lỏ, bán không kèm củ sac. T mua x7 pro giá có 6 triệu 8, được tặng kèm củ sạc 90w, tặng luôn ốp lưng, dán sẵn miếng bảo vệ màn hình.",0
Android thì nhứt samsung nhì xiaomi thôi đừng tin hãng khác vỡ mồm đấy,0
"Mình đang xài Poco nè, màn hình tuy thông số tốt nhưng mà nó không đẹp bằng ss đâu á, nó chỉ nét hơn thôi. Được cái là mua trên sàn S áp mã giá nó rẻ hơn Samsung. Máy Samsung thì nhìn sang hơn và có hệ điều hành mới, có AI nhma viền dày. Máy poco nhìn chung chụp hình hong bằng. 

Với người dùng phổ thông thì mua samsung vẫn oke hơn, còn mn có sở thích hãng Xiaomi, hay Poco có icon có hình tròn thì mua poco.",0
"Mình vẫn đang xài ss a31 từ 2020 tới giờ chưa gặp lỗi gì, dùng tác vụ bt chơi lq vẫn ok , có nâng sẽ mua ss a56 ❤",2
Poco X7 Pro ăn đứt anh em nhỉ,0
"Tôi nói nhanh lẹ cho ae dễ hiểu, poco x7 pro hơn tất cả, chỉ thua màn hình ,độ sáng và sằc nét ss tốt hơn.",0
Samsung thì chỉ quan tâm tới dòng S chạy snap thôi chứ vẫn cứ đu bám exynos thì lướt,0
Viettelstore bán A56 chỉ 8.990k,1
Anh ss pocox7 pro với ace5 đi anh,2
"Em cũng nhờ a tư vấn, mong a xem và cho lên sóng giúp em cảm ơn anh cùng ê-kíp luôn đáp ứng được mọi người để biết được giá trị trong tầm tiền",2
"Mình đang dùng x7pro 12/256. Màn hình có thể thua samsung sắc nét, nhưng cũng rất tốt, . Máy mát, mượt, và đủ sử dụng nặng trong 1 ngày. Tay mồ hôi hay ướt  thì mở khoá cũng nhanh. Mua dc kèm ốp, dán, sạc nhanh, cái mà sam với apple ko có cửa. Nói chung dùng ok lắm. Giá dưới 8 triệu thì mua 12/256 poco sẽ ko hối hận đâu.",2
Nên mua đt cao cấp của tàu tầm 12-14 tr xài cực ngon. Mấy con này cũng chục củ cả rồi.,2
Chính ra xem kênh a dương vẫn là chuẩn nhất. Tư vấn chuẩn.,2
"Anh làm so sánh giữa a56 vs note 14 pro 5,g đi a hai con này cũng tâm tien",2
Căn bản con poco kia săn sale chỉ tầm 7 củ thôi,1
Jah,2
"ss a56 mua tren shoppe tren gian hang ss ,áp vocher và e vocher vào giá khoảng hon 7tr cả củ sạc",1
poco x7 pro bản 12/256 7.4-7.6 . bản 8/256 thì 6.8. chênh lệch giá với a56 đấy,0
"Thất vọng Dương Dê, theo dõi lâu vì công tâm mà qua video này phải xem lại rồi, mất 1 follow với anh chả ảnh hưởng gì nhưng đều đó cũng có nghĩa là chất lượng rv của anh đang đi xuống.",0
Thông số màn hình của Poco X7 Pro như vậy chứ thực tế thì nó xấu hơn A56 nhiều lắm.,0
"sao anh dương không quay video 60fps vậy ạ, xem nó hơi giật giật xíu ạ",1
"Săn sale hàng ngày trên shoppe Xaomi mall Poco x7pro bản 8-256 giá 7,1tr bản 12-256 giá 8 triệu.",2
Ss dùng chip lỏ quá,0
Poco có thể săn sale vs giá 7đồng. Samsum thì chắc k có giá đó r. Chênh nhau cũg kha khá đó chứ. Poco thì vẫn thôg báo ổn. Pin tốt. Con x7 pro này là 8400U. Nó k có nhân tiết kiệm pin nên cũg khá tốn. Bù lại khoảg sạc nhah 90w quá ok luôn. Nếu săn sale thì chênh cũg kha khá đó.,2
"Poco X7 pro tốt thật đấy, hơn A56 rất nhiều chip mạnh đấy, sạc nhanh đấy, mình sẽ xuống tiền mua A56 thoii...mình không có dư tiền để năm nào cũng đổi điện thoại, thằng em mình mua mấy cái poco rồi, năm nào cũng đổi, lúc đầu chạy nhanh, về sau toàn lếch...😅😅",2
Poco x7 pro có 6.8 đến 7tr thôi,2
Nói đến giá trị sử dụng thực tế thì GALAXY A56 chắc chắn sẽ hơn con POCO đó. Đừng lấy thông số ảo đem so sánh...tôi đã dùng mấy đời đt hãng Xiaomi nên tôi cũng biết rõ về hãng này.,2
Mình sẽ chọn a56.,2
Vẫn chọn a55,2
"Anh ơi, có thiết bị smart tag hay airtag nào sự dụng được cho đth oppo ko anh? Mong anh tư vấn, chúc anh nhiều sức khoẻ",2
"Nhu cầu dùng không chơi game, cần chụp ảnh đẹp thì nên mua Xiaomi 14T Pro hay thêm tiền mua Xiaomi 15 Pro vậy ạ? Xiaomi 15 Pro hiện tại có bên nào đã mở bán tại HCM chưa? Xin cảm ơn.",1
"Thật. Màn của thg poco oai về thống số chứ hiển thị tù lắm. Nó là màn turbo 4, nó ko khác gì turbo 3 cả và chỉ dc mỗi viền mỏng thôi. Ss là hãng với màn hiển thị đẹp hơn nhiều, thậm chí t để con z9tb kế bên con A55 thì nó nhạt hơn kha khá thì poco ko so dc. T là 1 người khá kỹ tính về màn nên ae thông cảm.",0
"Con a56 mình chưa được cầm, chứ con X7 pro cái Màn hình nó thông số thì khủng vậy chứ trải nghiệm nó tệ kinh khủng, cứ đục đục chán chán
So với mấy con cùng tầm giá có thông số tương tự chắc phải đứng top dưới bét",0
"Chú Dương so sánh Xiaomi 14t với galaxy a56 đi ạ, con thấy giá của 14t bản 12/256 có 10tr290 và a56 bản 8/256 tới 10tr490. Chúc chú nhiều sức khoẻ ạ",2
"Ông này review và so sánh đt rất là qua loa nhé.So mà toàn dựa vào thông số thì chỉ cần hiểu biết 1 ít về công nghệ thì ai chả làm được,từ màn hình (hầu như reviewer từ trong nước tới nước ngoài đều đánh giá A56 đẹp hơn) và camera (đoạn này cực kỳ qua loa) cho đến những điểm mạnh nhất của A56 là AI tiện lợi,Oneui 7 và cập nhật ổn định lâu dài thì không nhắc đến.Nhấn mạnh vào con chip rồi đánh giá Poco X7 pro giá trị sd tốt hơn thì đúng bị ng ta chửi là anti Samsung không sai tý nào :))))",0
ip 14 thường và xiaomi 14T con nào đáng mua và cam con nào đẹp ạ,2
Poco x7 pro khi nào về cellphones v ah,2
So sánh sam sung galaxy a56 5g& Oppo a5 pro 5g  mình đang phân vân 2 e này,1
X7 Pro đè bẹp A56 😅,2
"Sao con A56 mình mới mua nhìn trực tiếp thì màn hình nó hơi vàng vàng còn nghiêng khoảng 5 độ 10 độ thì nó trắng hơn là sao vậy mọi người, là do tấm nền này nó vậy hay sao các bạn, mình ra shop chính hãng rôi ra trung tâm bh của samsung họ nói máy mình ko có vấn đề gì hết, mà mình nhìn kiểu nào cứ vuông góc là cũng thấy nó vàng hơn à, ai giải ngố mình vs",0
Mình chọn S23 cũ😊,2
"Game thì x7 pro, ko game thì a56. Hướng đi của 2 con khác nhau hoàn toàn",1
Ông này so sánh thiếu điểm mạnh và thực dụng nhất hiện nay là AI,0
chọn Xiaomi vì nó thực dụng,2
"Nói chung ai thích gì mua nấy, ông bà ta thường nói tiền nào của nấy , không bao giờ có chuyện tiền ít mà đòi hít lôn thơm........",0
Poco nó tốt mà thua cái khung kim loại thôi,0
Chắc chắn là ss a56 rui.....poco dành cho game thủ thui.....đa tác vụ xài ss cho an tâm,1
Galaxy A56 5G So sánh với Redmi Note 14 Pro+ hợp lý hơn là máy này,0
"Mình mua X7 Pro 12 256 đợt 3/3 sàn S có 7430k nè.máy phụ cho S24U,thi thoảng chơi game nên khá là ok,ko chụp j mấy.màn khá ok tuy nhiên hơi tối,pin ổn",2
Mua tren shopee poco x7 pro co 6.3tr thoi…xiaomi official,1
Vỏ Nhựa là ko ham rồi,1
"Ở phần camera thì Dương Dê có vẻ qua loa, nên chụp test xem ảnh 2 con thế nào.",0
Poco x7 săn sale trên sàn cam thì có hơn 8tr tí thôi a😊,2
"Nếu so camera thì tốt nhất nên lấy 2 con ra chụp choẹt r show vài điều kiện để so sánh, chứ đọc thông số thế này thì ai tìm hiểu về smartphone mà chả đọc đc",0
"so camera theo kiểu thu sáng tốt hơn như thế thì poco x7 pro còn chụp thiếu sáng tốt hơn iphone 16 pro max, đúng là thông số thủ :)))",2
"nói thì poco x7 pro nó 9 củ thế thôi chứ mua trên sp không cần thức săn sale vẫn có voucher để áp 8 củ là cao nhất r,  chứ mới mua con poco x7 pro tháng trc có 6 củ 7",0
"Tóm lại cày game cần hiệu năng thì X7 Pro, còn công việc nhiều camera tốt hay dùng AI với ưu tiên thương hiệu thì A56, hết.",1
"ai nhìn trực tiếp 2 máy cạnh nhau khi mở màn hình thì 99% mua samsung A56, đơn giản vì màn hình samsung đẳng cấp vượt trội",2
"tóm lại chơi game thì nếu các ông ko có tiền thì cứ Tàu mà vã, còn dùng cơ bản tôi vẫn đánh giá samsung hơn về lâu về dài",1
2 con này máy nào bán ở TGDĐ vậy anh duong,1
Ss galaxy a56 khi mua về sử dụng cơ bản vẩn bị nóng không biết tại sao mong được anh giải đáp! Chúc anh nhiều sức khỏe,1
Sam sung a56  deo hon có thuong hieu tôt hon,1
Comment đầu 🎉,2
Poco x7 pro thiên về hiệu năng nên thấy cam như chống mù,1
Trong tầm 4 triệu bạn sẽ mua chiếc điện thoại nào mọi thứ đều phù hợp camera màn hình hiệu năng bộ nhớ,2
"Galaxy A56 : https://cellphones.com.vn/dien-thoai-samsung-galaxy-a56.html?utm_source=pr&utm_medium=DuongDe&utm_campaign=dien-thoai-samsung-galaxy-a56.html_20032025
Poco X7 Pro : https://cellphones.com.vn/dien-thoai-poco-x7-pro-5g.html?utm_source=pr&utm_medium=DuongDe&utm_campaign=dien-thoai-poco-x7-pro-5g.html_23032025",1
.,2
Phần lỗi vặt thì a56 dùng mượt mà hơn nhiều.xamiao lỏ,0
Chào anh Dương ạ.Em có khoảng 10 triệu đổ lại thì nên chọn Poco X7 Pro hay Nubia Z60S Pro thì máy nào dùng tốt hơn ạ. Em cảm thấy cấu hình 2 máy này hơi ngang nhau thì nên chọn máy nào là tối ưu nhất ạ. Em cảm ơn anh. Chúc anh nhiều sức khỏe.,1
Nên mua mi 15T 5g hay poco x7 pro 5g a ơi?,2
"Mình mua ip12 mới ở topzone đc 1 năm rưỡi chuyển sang poco x7 pro mua shopee sân sale 7450k .dùng đc 7 tháng nói chung pin trâu sạc chưa tới 1h đã đẩy.lau lâu bị lắc 1 cái thỉnh thoảng nó tự tắt nguồn khởi động lại, rớt mấy lần cũng không có vấn đề gì chỉ chưa thử test nước thôi.dự kiến đổi Xiaomi 15",1
Shopee áp mã còn có 5tr940😂 bản 8/25π,2
Mình mới canh sáng nay mua bản 8-256 em này 5tr839 hihi,2
Em chốt đc 6.1 tr😊,2
"Mình mua 6tr,7😊",2
"Mình dùng POCO x7 pro đến nay chak dc tầm nửa năm. Săn shopee mall giá 6.5tr- bản 8/256. Trải nghiệm thực tế của mình thế này. Chia sẻ cho ai quan tâm. 
1. Ưu điểm: 
- pin dùng oke nhé. Có thể chưa xứng với 6000 nhưng cơ bản là oke. Sạc thì siêu nhanh nên trải nghiệm thích lắm. Trước dùng iphone giờ qua con này pin oke hơn hẳn. 
- màn hình , cam. Cơ bản ổn. Mình ko nhu cầu nhiều
- loa kép. To rõ. Ổn
- kháng nước: rất ngon. Mưa gió tẹt bô
2. Nhược điểm: 
- đôi khi thăy hơi khó cài đặt. Kiểu nhiều phần cài đặt cứ khó tìm kiểu j ấy. Phải tra gg mới tìm dc phần cài đặt ý nằm ở đâu
- đây là điểm khó chịu nhất: rất hay bị lag bàn phím. Cụ thể thế này: ở zalo bấm vào để soạn tin nhắn thì mãi bàn phím mới hiện ra. Rổi đôi lúc soạn văn bản bấm bàn phím nhưng màn hình mãi ko ra chữ. Cái này gặp thường xuyên luôn. Ngoài điểm này ra mọi thứ còn lại oke. 
Ko trễ thông báo j cả. App cài bình thưởng. 5g nhanh",1
Thấy màn sam sung a56 xịn đẹp hơn nhiều fhd + nhin đẹp hơn poco thiết kế và hiệu năng pin trong tầm giá máy chính hãng khá ổn,2
Tôi mua lúc mới ra.bản 12-256.7tr3 thôi.giá như bây giờ hơn 9tr đắt quá rồi ae,0
"mình đang dùng poco x7pro mua từ lúc nó mới ra mở bán đợt đầu, hồi đó mua 7tr4 cho bản 12 256, đánh giá chung ko có gì chê trong tầm tiền này cả, hiệu năng quá tốt, màn hình 7/10. camera thì chụp xấu thiệt nhưng được cái chống rung OIS ôk lắm, quay video ngon mượt, pin 6000 nhưng tụt nhanh lắm, dc cái sạc 90w thì chưa ăn xong bữa cơm là nó đầy lại rồi nên cũngok.",2
.,2
mình mua 6tr3,1
mua 5tr8 từ lúc mới ra :))),2
Nhưng mình vẫn chọn iPhone 12,2
"Cái giá 9tr3 kia mới gọi là về gần giá gốc nè (gần thôi), chứ 15tr kia là giá bị đôn lên. Nên mn cần cân nhắc =))",0
"anh Dương cho em hỏi hiện tại với tầm giá loanh quanh 15 triệu thì điện thoại nào có pin ổn, màn đẹp, chụp ảnh tốt, hiệu năng đủ dùng với ạ, a tư vấn giúp e với ạ, em cảm ơn",1
.,2
Lão này suốt ngày poco vlll chắc dc buff giay pocco xau vllll,0
So sánh cũng toàn khen poco. Nhưng điểm nổi bật của a56 ip thì ko khen vào. Ip thì k nói vì quá cũ r. Nhưng những cái ss hơn như dùng ko lo trễ thông báo. Hdh ổn định hơn. Chứ xài xiaomi phần cứng ngon lắm mà trải nghiệm như gì ấy . Ns chung rất khó nói. Dungg mấy con phải bán vội qua ss vs ip xài . Ns chung xài qua 2 con mới biết dc. Ss cấu hình thấp hơn nhưng trải nghiệm thực tế vẫn có cái j đó tự tin sử dụng hơn con poco,1
"tầm 7tr5 thì flaship nào ngon vậy ạ
mình tính mua acer 5 mà phân vân quá cũng tính mua mi 13 pro nữa..",1
Sao màn con này nó cứ nhợt nhạt vậy nhỉ,0
"Mua hồi tháng 1/2025 giá 6890k .nói chung con này dc mỗi hiệu năng vs pin.xài chán.thông báo thì hên xui vẫn tạch như thường.màn 6,cam 6.vuốt chạm ko mượt
Xài chung con xiaomi 11T 4 năm rồi mà 11T còn đã hơn x7 pro.thua mỗi hiệu năng vs pin..Nói chung Poco lỗi vặt nhìu.ai dễ tính thì mua làm máy phụ ổn",0
hay,2
"Cam poco có khác turbo 4 pro ko anh? Chứ e thấy ảnh của xiaomi turbo 4 pro ko đẹp bằng ip, dù là ip11",0
"Chào bạn, mình đang công tác tại Lào, gần biên giới VN. Chỗ mình vẫn dùng các nhà mạng của VN như Viettell, Vina... nhưng các dòng máy xịn thì thu sóng 4G, 5G cực yếu, thua xa các dòng máy TQ như Oppo, nói thật Iphone chỗ mình chỉ dùng để xem giờ thôi. Mình muốn hỏi loại này bắt sóng mạnh ko vậy bạn?",1
Thôi Xài A56.cho lành. Mình ko phải gems thủ 😊,1
Mình đã mua giá 6tr7 từ tháng 4 kia,1
Đang tính mua oppo k13 tubo pro làm máy chính ae nào góp ý với,1
"So về thông số thì hơn hẳn, nhưng xài thực tế thì ko bằng 1 góc người ta",0
"Tầm này mà mua ip12 nữa thì đúng chỉ chọn ""thương hiệu"" hết 😅",2
Để nói thực dụng và cân bằng toàn diện thì poco x7 pro không có đối thủ,0
neu mua thi che dộ BH sao a,1
"E đang xài xiaomi, e vào Mi Store săn đc POCO X7 PRO 8/256 cũng ~7tr2 thôi ý.
K biết hời hay k nhưng xài 1 tháng nay thấy cũng ok",2
"Chào anh dương , anh cho em hỏi. Cuối năm em định mua 1 chiếc điện thoại nhưng không biết chọn con nào cho phù hợp. Tài chính em trên dưới 10 triệu , nhu cầu của em thì: "" chụp hình quay video đẹp , chức năng hiện đại hoặc AI càng tốt. Mong anh tư vấn , em cảm mơn anh",1
Mình mua giá 5t9 😂 https://drive.google.com/file/d/17uhFY9lTUMTeaaVut9_3WSGvYWVYQhiL/view?usp=drivesdk,2
"Tôi mua poco x7pro giá 6,7triệu thôi",1
"Em đang bình luận bằng Poco X7 Pro bản 12/256 nè anh, kì đó em săn Shopee là 7tr2, sắp tới 11/11 nghe nói Shopee sale tiếp con này nè.",1
"03:43 Màn hình 1,5K mà tool màu xấu quắc thì cũng thua FHD mà màu đẹp, chỉ trừ khi màn HD thì mới chê hẳn",0
Con này mua ở đâu vậy anh em,1
Nua nam truoc 6tr3 con k ai mua,2
Cái này trên shopee mức giá này có từ khi ra mắt trên shop mall rồi,0
Thích 15T pro nhưng đang dùng PCX7pro. Thích 1 cụm cam hoành tráng hơn,1
Shopee mua ở đâu thi có bảo hành tốt vậy?,1
"hồi hè voucher có 6m3, sau đó nó tăng giá",0
"Nên đợi 11-11 mua sẽ giá tốt hơn. Thời điểm t mua poco x7, con x7 pro giá chỉ tầm 7tr1 7tr2.",0
"Con này nhược điểm lớn nhất là Pin hơi đuối, nhưng bù lại có xạc 90w",1
Hiện ở shop là 7tr5 ấn vào mua vẫn 9tr3😢,2
Mình dùng điện thoại để làm việc yêu cầu sóng sánh phải ok thông báo tốt có nên sài hàng sách tay ko ạ cho mình xin ít ý kiến với mình cảm ơn,1
Máy này có bị trễ thông báo không các bác?,1
Đang dùng luôn mua từ tháng 5 đến giờ,2
"Vừa mua shopper 6,3",1
Shopee có lúc sale 6tr5,2
Mua từ lúc mới ra có voucher lúc đó khoảng 7m1 ~ 7m3,1
iPhone 15 Pro bản 1 TB giá rẻ nhất hiện tại bao nhiêu vậy anh Dương ơi?,2
Ông Dương này chỉ nhìn cấu hình mà chưa trải nghiệm Oscar Tiger 18 thông số ảo giật lag bỏ mẹ,0
Tuần rồi mới mua cho con 1 cái redmi not 13 5g 8_128 giá hơn 2tr8.ngon nhất trong tầm giá rồi,2
Ngày xưa làm ăn có tiền mua khỏe   từ ngày bệnh nặng   nhà của bán hết ko làm  được giờ nhìn  thèm quá mà  cũng chịu  thua,2
"Bạn ơi tài chính mk chỉ có 5tr thôi ,nhờ bạn tư vấn giúp mình  nên mua máy hãng nào bền chút các thao tác nhanh mướt tí cũ mới ko quan trọng .mk đã từng phải chuyển ngân hàng vì đt hết đát ko tải nổi áp ngân hàng để dao dịch chuyển khoản ý.cảm ơn bạn nha chúc gd bạn thật nhiều sk ạ",2
Duong de may đúng là thằng 🐶 thật thụ,2
"Hôm nọ con Camon 30S còn có 3tr2 mà chưa kịp mua. Nay lại 3tr5 mất rồi, con này ngon khỏi bàn.",2
Em muốn mua 1 con này anh có thể giúp em. Cảm ơn,1
Con này so với Itel RS4 thì thế nào mọi người nhỉ? Itel còn ram 12 cơ!,1
Nhìn như Vivo Y39 5G luôn,1
tầm tiền này mua iqoo Z10x,1
Hay,2
Tecno Camon 30s ngon hơn hẳn,2
"Mới mua tecno spark 40pro giá 3,29tr.được cái màn hình đẹp.pin ổn.camera 3 mắt nhưng chỉ có 1 mắt chính dùng được,còn 2 mắt dưới để trang trí.gõ vào góc trên bên phải màn hình nghe tiếng ọp ẹp.",1
"Nếu để tôi lựa chọn máy tầm tiền trên 2tr thì tôi chọn con mate 20 pro của nhà huawei . Màn 2k đẹp, loa kép ,có sạc nhanh , tối ưu tốt nên pin cũng ổn. Camera đẹp và quan trọng là vẫn có Google",2
Cho e xin link mua đi a,2
"A Dương tư vấn cho e con đt giá rẻ tầm 1-2 tr để chạy xe ôm công nghệ ạ. Bộ nhớ 64g là đủ, không yêu cầu màn hình đẹp, không chơi game",2
Thêm 500k mua được lucky 08 rồi,2
"em chào anh Dương ạ
em theo dõi anh đã lâu khoảng 6-7 năm rồi, giờ em nhờ anh tư vấn giúp em máy giá dưới 20 triệu cả chính hãng với xách tay cấu hình cao màn hình camera đẹp pin trâu sạc nhanh và sóng khoẻ, và những ưu nhược điểm mà phải đánh đổi là gì ạ. em xin cảm ơn anh và chúc anh cùng ekip nhiều sức khỏe ạ.",1
"Cần Dương tư vấn 1 con máy, chỉ cần chip khoẻ và pin trâu thôi, giá tầm trung là ok, thanks",1
Bạn mua hộ mình i chiếc,2
Anh cho em hỏi. 5tr thì điện thoại nào pin trâu mà chụp ảnh đẹp ạ,2
Meizu luky 8 ở mobilecity 3250k liệu ổn ko a,1
Anh ơi mua hộ em 1 cái nhé,2
Ko ngon,0
oscal 8-128 có khi xuống 2tr4.,1
nên chọn oppo find x9 nội địa hay ip 14pm vạy anh,2
Nghe tên hãng lạ thế nhỉ,1
Tầm giá rẻ này em nghĩ chắc có con mezu gâu gâu 08 hơn tí nhưng ngon hơn chứ nhỉ😂,2
Con này có loa kép không nhỉ,1
con này đời android cũ rồi,0
Bỏ thêm 400mua tecno pova 6 hoặc 40pro ngon hơn,0
cho mình hỏi tầm giá 10tr thì hàng xách tay thì con nào ok nhất vậy mn ?,1
cho mình hỏi là ĐT 5 G thì có phát wifi có ra được 5 G  không,1
Con này cho phụ huynh là ok đấy. G99 tác vụ thông thường thì mượt thôi rồi.,2
"tầm giá duới 3tr thì có tecno spark 30 5g là kèo cân với con này, còn lại các đt khác k có tuổi, đa số g85, hoặc có chip ngang nhưng chỉ có rom 64gb",1
Mình có 2488k nhỉ,1
Mua điện thoại trên Shopee thì có an toàn không nhỉ,1
Đầu,2
Tham khảo tại Điện Thoại Hay https://dienthoaihay.vn/?srsltid=AfmBOorq4SogzTbHWBPj5qdY2ZGVRYmcTIWzGl1P046Hs9DuM3kmIMUu,1
đẹp,2
Vivo pin khủng sai suong kk lo sac. Mát ko nong như iphone,2
Rồi con này sao giống x200 fe vậy,0
6.31 inch mà pin 6k5 :)) khác gì pin thủ,0
Có tiếng việt .chậm thông bao k nhỉ,1
Con này vs oppo find x8 thì con nào ngon hơn nhỉ,2
Xin chào bạn mình muốn mua vivo s30 pro mi ni thì mua ở đâu vậy bạn xin cảm ơn,2
"Dùng như lol, đừng nghe mấy thằng được tiền để rv. Con này loa tệ, các thứ thì bình thường",0
Đúng là chỉ có so 120hz với 60hz mới thấy độ mượt của con này. Mượt đét,2
"Thích con này quá ,không biết sang Đài Loan đi lao động thì có chỗ bán không",2
"Con này ngoài có sẵn TV ra thì có gì mà đắt gần gấp đôi con Redmi Turbo 4 Pro thế ae ? 2 con đều khung kim loại, mặt lưng kính, trong khi pin con Redmi tận 7550mAh. Hay do con vivo này mới ra nên ảo giá nhỉ?",0
Mà hình mỏng hơn ip nhỉ,0
Việt Nam có bám chưa,2
"Em mua rồi mà thấy không có bàn phím tiếng nhật trong khi e ở nhật, lại bị ảnh hưởng nhiều áp trung Quốc đang cảm thấy chán",0
Anh Dương Việt Nam có bám chưa,2
Ko có loa kép à ad,1
"Quá đẹp quá nhỏ gọn a dương ơi, test thêm hiệu năng chơi game nữa a ơi",2
Việt Nam có bám ko,2
Phiên bản quốc tế của nó là vivo x200 FE... ở đài Loan có bán chính hãng... mà đắt quá.. tính tiền việt 20 củ..,0
Mấy kênh khác chấm đc 1tr7 điểm antutu mà sao đây có 1tr thôi nhỉ,0
"Mình đang dùng, nhỏ gọn, pin trâu, dùng khá ổn",2
Giá bao nhiêu vậy,2
giờ mua hàng ở điện thoại hay nói là xem ở kênh anh Dương Dê thì có được voucher nữa không ạ,1
Mua ở đâu mn nhỉ?,2
Đợi tháng 12 e định mua con này 😂 vì nó đẹp e hợp thiệt kế kiểu này vs lại màu vàng nó đẹp nữa,2
toàn 5000 nit 6000 nit mà sáng đc ngoài nắng chắc tính bằng phút.chứ thực tế hàng ngày chỉ cao lắm 1500,0
ai phan gọi là tái định nghĩa chứ ko phải bắt trước,2
Android giờ mua tầm giá này thì antutu cũng phải 1m5 đổ lên chứ sợ dùng lâu lại lag thì dở. 1m này chưa đủ tín rồi,0
Muốn biết điện thoại nào là iPhone thì rất đơn giản không cần nhìn gì cả chỉ cần tay ướt lướt trên màn hình máy nào lướt ok thì chắc chắn là không phải iPhone rồi,0
"Mấy con android tầm giá rẻ này tôi nói thật chứ tôi dùng 10 con thì được 1 năm giật tung hết cả người còn iphone thì vẫn mượt như ngày đầu, nên gì thì gì chứ có cc so được với iphone.",0
Con này giá bao nhiêu nhỉ,1
Sấu kinh,0
Con này tk đẹp thật,2
Máy đẹp thế,2
con này bản j v anh có dùng dc mấy cái ngân hàng ko a,2
Con VIVO s30 mini là bản quốc tế à ?,1
Nhìn cụm cam như ss😅,2
"Mình chỉ thích đt nhỏ gọn trên dưới 6, 2 ink",1
Xin giá,2
Cho link vào kiểm tra đâu thấy Vivo S30 PRO MINI???,1
Không biết có bản việt không nhỉ,2
là mini dữ chưa,1
E này và mi 15 thì sao ad😊,2
Định mua mà thấy máy chỉ có ufs3.1 so với tầm giá là rất kém các đối thủ khác sợ về tầm gần 2 năm máy ko lot nổi,0
"a đánh giá k80 utral vs neo 10 pro pl lam máy chính mong anh trả lời , cảm ơn anh và chúc anh sức khỏe",1
Anh gợi ý giúp em 1 em tầm giá 6 đến 9 triệu của samsung hoặc oppo đáng mua với ạ. Em quan trọng về màn hình. Pin ổn ổn là được. Và có NFC. Rất cảm ơn anh. Chúc anh sức khoẻ nhé.,2
CON NÀY CÓ TRỄ THÔNG BÁO KHÔNG BẠN?? NẾU TRỄ CÓ CÁCH FIX DC 90% KHÔNG?,1
Dòng nào mà có chữ ở camera ấy nhỉ,1
con này giá bn nhỉ,2
nhìn iphone đẹp hơn hẳn,2
Mua s25,1
CÓ THẤY ĐÂU AD,2
"anh Dương Dê ơi cho em hỏi, samsung galaxy s24 plus giá 16tr690k và samsung galaxy s25 plus giá 23tr990k (bản 256gb) thì có nên cố lên s25 plus ko ạ. Chúc anh Dương Dê nhiều sức khỏe.",1
Thích iPhone 16 màu trắng 😊😊😊😊,2
"đẹp, ngon, bổ rẻ nữa thì tuyệt",2
xem thì thích vivo nhưng có tiền đi mua thì mua iphone.. hihihi,1
"Nghe bảo con này bản quốc tế là vivo x200 fe. Nhưng mà khoan, sao điểm antutu con này hiệu năng bóp ghê zậy, thua cả snap 8+ gen 1 trên galaxy zflip 4 của tui nữa",0
9300+ mà hơn con exynos 1580 có 100000 điểm thôi á 😂😂😂,2
Cụm cam thô quá,0
"Anh Dương cho em hỏi. 14plus 256, ip15 256 và 14pro 256 (14pro giá cao hơn 2 con kia 3tr) thì anh Dương thấy có đáng để nâng cấp k a. Nhu cầu em chụp hình, lưu trữ, social, k chơi game, nên k cần màn quá bự, ngồi cf nhiều nên k cần pin quá trâu thì em nên chọn con nào ạ",2
anh Duong thời điểm hiện tại có nên mua 11prm,2
9300+ mà điểm antutu như 7+ gen 2 thế.Bóp còn choáy hơn cả ss 🔥🔥,2
Bán 16pro mua con này nhỉ kkk,2
Giống nhưng mỗi tội không có logo táo 😂😂,2
ufs3.1 thôi á thua cả mấy con 5tr,0
Anh Dương mướm mồi vậy mà chưa hãng nào tài trợ cho test nước nóng để ae mxh mở mang tầm view😅,2
Anh dương cho em hỏi . Em đang Sài 16pro . Đang tính đợi 17pro ra rồi bán 16 để lên 17 có nên không không ạ,2
Test hiệu năng để samsung pin yếu thế,0
Đùa. Đến cái ốp của Huyền bị bẩn cũng phải nói. 😂😂😂😂,2
sao ghét cái đoạn nhại nhại thế  nhờ,0
"Dân mạng VN thì bố tàu là nhất, công nghệ tàu là đỉnh nhất trái đất, nên đéo phải so sánh, cứ máy tàu mà mua, mua hãng khác đéo phải tàu là bọn mù công nghệ, mua vì sĩ",0
Tất nhiên là s25utra rui,2
Oppo zoom ngon hơn Samsung rồi 🤣,2
Oppo vàng như viêm gan b 😂😂,2
Tôi thích màu trên samsung hơn Oppo,2
"thật sự không hiểu sao có những người mua dc SS luôn, dung lượng pin thì thấp, chip thì phải bóp hiệu năng, trong thế giới android nhưng tốc độ sạc kém xong lại còn chơi cái trò bảo vệ môi trường giống Apple để hút máu nữa",0
Loa oppo như bị nghẹt vậy. Bán giá cao mà quả loa k thẩm nổi.,0
"S25U vẫn hơn về trải nghiệm tổng thể, đặc biệt là phần mềm, xem ytb, netflix vẫn sướng hơn, màu ảnh vẫn tự nhiên hơn mà giá thì rẻ hơn nhiều",2
màn hình của Flagship Samsung hình như hay thiên về tông vàng vàng thì phải không có sáng trắng; mình so sánh S24 Ultra với A06 thì màu trắng của 2 máy nó lệch nhau hẳn,1
Tàu bán giá 32tr 😊😊😊,2
ông ytb nào đó mang 15promax ra so sánh với s25ultra năm 2025??? :D,2
Mình dùng s25 ultra nhưng dán mh là hết chống chói 😢😢😢,2
"T xài s25u và bán mua findx9pro. Cảm nhận riêng về loa thì s25u hơn và hơn kha khá chứ k phải hơn 1 chút đâu, s25u to hơn rất nhiều 6/10, còn độ chi tiết và trong trẻo 8/10 so với  findx9pro.",1
"CHÚ NÀO VÀO VẬT VỜ CŨNG MẬP MẠP / ĐÔ CON HẲN RA, CHỈ CÓ MỖI ÔNG VINH VẪN CÒM NHOM NHƯ NGÀY NÀO.....KKK",0
Samsung cầm phê hơn nhiều,2
không phải mặc long bào xong thích nói gì thì nói đâu nhá Rương :v,2
find x9 thôi. Vee62 khoản zoom giữa oppo với Sam thì Sam tụt hậu ròi ;),1
Dt nào zom xa ngon vậy ad,1
"Chụp người oppo làm ảnh thích thật, còn chụp cảnh thì thích samsung hơn",2
Oppo màu rực rỡ quá còn samsung màu nhạt quá khó chọn 😂,2
Năm nay xiaomi ít bài vậy ad 😅,2
Ông samsung ko thay đổi nâng cấp thêm thì có lẽ theo chân nokia lg .  chứ giờ tất cả dt trên tg so với nhau về pin và cam thì ss ko có trong đó,0
"Đi 1 vòng  ip15prm ,vivox20p,s25ul, xiaomi15,honor magic7pro quốc tế, cuối cùng phải về là s25plus ,(vì s25ul to hơi cấn). Tóm lại là ss nó k trội về pin và cam, nhưng màn vs one ui thực sự nó khác biệt,cần cái gì cũng có. Pin thua đối thủ nhưng ss tối ưu cũng tốt lắm rồi",2
Đổi mẫu đc ko😢,2
Quay phim thu âm oppo như hạch vậy,0
"Ss sài tầm 3-4 năm lag vl, mình dùng từ note 10, giờ s22u, con S22u thay màn xong 3 tháng bị đốm đen lan ra bằng ngón tay. Đang rất lăn tăn có nên mua s25u ko? Hay mua máy cao cấp như x9 pro và x300 của vivo?",0
Đnag dùng x9pro nội địa. Chơi game tốc chiến 120fps quá ngon luôn,2
Oppo năm nay book bài ác :)). 1 ngày chục cái video :)),2
S25 vẫn khác bọt,0
Lên video x300pro và  finxpro di,2
"Màn ss còn cái khó chịu nữa là nó dùng màn 8bit, thi thoảng xem phim nó sẽ bị phân màu rất rõ. Hoặc nếu bật ánh sáng điện ảnh của yt cũng sẽ thấy",0
"Nếu dùng lâu dài thì mua oppo, dùng hay lên đời thì mua samsung vì đt tàu rớt giá lắm. Còn mua mới thì đợi oppo ra 1 năm r mua là đẹp",2
"ss25ultra năm nay thiết kế quá xấu, màu cũng xấu. cầm so với s22 với s23 nó xấu đau luôn. bắt trước apple chi làm thiết kế ngày càng thụt lùi, cái màn hình cong là thứ tạo nên sự sang trọng của dòng S từ xưa đến nay giờ bị bỏ rồi, samsung ngày càng bị mất chất. 😗",0
"Camera của Samsung giờ đuối thế nhỉ, chụp chân dung người xấu và mờ quá 😢",0
"Thật sự là ám ảnh đt samsung, dù có rẻ hay ngon cỡ nào cũng ko bao giờ mua.",0
s25u giờ có sọc ko mn?:)) muốn thử mà lo quá,1
"Thấy nhiều ae bảo oppo bị lỗi Facebook và Zalo,bị mất nét chữ và hình ảnh mong adm lên video thử xem có phải như vậy không?",2
"Tiết kiệm 5 củ đi, s25u đủ dùng rồi.",0
Hổm cũng phân vân và quyết định chọn S25U vì ngoại hình S25U làm mình rất có cảm hứng dùng,2
"Mình khởi điểm từ flagship cũ lúc chưa kiếm được nhiều tiền, và bây giờ ổn hơn thì mỗi lần mua điện thoại mình chỉ nghĩ đến flagship thôi chứ giờ bảo dùng máy tầm trung giá rẻ thì chịu ko thể dùng nổi",0
"uầy, oppo thu âm nghe sao giống iphone thế? Đúng chất iphone luôn, dynamic range lúc quay cũng có vẻ nhỉnh hơn s25u",2
"Đến những tấm bảo ss hơn oppo , mà mình thấy nó vẫn thua -=))",2
"Mấy con flagship này cầm vào sướng tay vãi, vuốt chạm nhìn nó mượt rùng mình luôn",2
Loa oppo chắc dc7/10 vs sam sung,0
công bằng mà nói thì S25 đẹp hơn nhiều. Đẹp là đủ rồi.,2
ad làm kèo find x9 và s25U đi hiện 2 mẫu này cùng tầm giá,1
"s25u mua shopee co 21tr neu co voucher , x9 pro 28tr lech nhau tan 7trieu ?",0
"oppo ăn chặt về cam và pin-sạc.nhưng trải nghiệm hàng ngày,độ ổn định,khả năng hỗ trợ cho công việc cũng như 1 thiết bị đáng tin cậy thì samsung vẫn hơn",2
Loa oppo nghe khá thọt nếu so sánh với các máy cùng tầm giá  😅😅,0
Quan trọng chọn Oppo chính hãng có bị chậm thông báo không?,1
"thông số của samsung lúc nào cũng cao hơn về xung nhịp, nhưng thực té thì bóp nát.",0
"S25 Ultra + 1 con tầm trung = X9 Pro, chênh nhau tầm 8tr mà chỉ hơn pin, chụp ảnh 1 chút thì khá là khoai đấy",2
"Dùng dc 2 tuần cho vợ để quay lại S25ul, ngoài chụp hình thì chịu, chẳng có gì khác biệt, hệ sinh thái thì cực kỳ chán nhé. Các ông cứ kêu mượt, mượt thật nhưng cái mượt đó không phải tất cả, một cái máy chính cần đáp ứng rất nhiều tiêu chí.",0
Tôi múc oppo xách tay,2
muốn chọn samsung để xài bền trong 5 năm nhưng sợ tới năm 2 nó đã sọc màn rồi,0
Về ảnh mình thích sự chân thật từ sam,2
"s25ultra dùng thích lắm . AI của nó khác biệt luôn . t đang dùng s24u mà còn đang sướng rồi . Mượt vl , màn ngon , thông báo các thứ đều ngon . Nói chung là tầm cao cấp thì ngoài mấy con chậm thông báo ra thì mấy con hãng oppo ip hay ss đều ngon cả.",2
Thế hệ tiếp theo của sam sung mà ko cải thiện được pin và màn hình thì sam sung nên hạ cấp các dòng sản phẩm của mình.,0
Máy nào ng ta mua nhiều thì chọn,1
*_Vẫn đang sử dụng Galaxy S25 Ultra_* 💀,2
sam sọc ko có cửa,0
"RV hơi sượng :)))). Bài này SS trả tiền, hết.",0
4h30 chiều tôi mua hết cả 2 k nói nhiều,2
Chưabao giờ mình đánh giá oppo đc ngồi  chung mâm  trên vs sam sung,2
"S25u ăn dc loa với màn, con lại thua oppo tất",0
Loa con Oppo nghe như bị ai bóp lỗ mũi :)),2
Đag dùng s25U mới thắc mắc hôm trc sao k có video so sánh  find x9pro vs s25U xong :)). Khi nào mới có x9Ultra để đổi qua oppo thử xem sao nhỉ,2
Oppo ko có cửa nha..nhất là quay video,0
Rất thích RCN review những chiếc flagship đầu bảng của các hãng!,2
bình luận thứ hai!,1
bình luận đầu tiên!,2
"UPDATE: GIÁ CÒN GIẢM HƠN NỮA ĐÓ, ANH EM CLICK TRỰC TIẾP VÀO LINK RỒI NHỚ ÁP THÊM VOUCHER NHÉ!",1
"Không hiểu sao mà lái không có khe cắm thẻ nhớ, thấy tiếc thật.",0
"Không nên mua con nào hết, ra đời từ rất lâu cb dọn hàng lên đời mới, chip yếu, giá cao,đc cái thiết kế đẹp",0
nghe nói ONE UI 8 hao pin ko biết có thật k,1
Samsung a56 12gb 256 có nên mua ko anh em thấy lỗi,0
"Mình thực tế trải nghiệm đây, A36 6/128 giá 5tr8, thật sự mà nói sài tác vụ cơ bản, màn hình to đẹp thì ok đặc biệt dành cho cha mình hay mấy người xài quen ss thì ok
- Còn mình đổi từ con Xiaomi note 9s mua hồi 2020 có 4tr5 thì còn A36 5r8 này ko có cửa.
- Pin 5000 hay sao mà rất nhanh tụt, dùng 4g tiktok  cở 15p là máy nóng vãi, liên tục 20p thì máy báo quá nhiệt
- Chơi game thì yếu hơn con Xiaomi nhiều
- Chí mạng là nó hay đơ nữa chứ, bị lỗi ứng dụng hay sao ko xóa đc, phải dùng giọng nói khởi động lại
Chốt lại quá thất vọng, dùng 5tr8 mua con Xiaomi đáng tiền hơn vì con note 9s xài 5 năm ròi đáng đồng tiền, đừng ai nói Samsung xài bền 5 6 năm thì tui xài mới 1 tháng thôi quá thất vọng 5:39",0
Mấy con này có hay bị sọc màn k nhỉ,0
"Cửa hàng nào, địa chỉ ở đâu vậy anh",2
Mik mua con a56 5g ở thế giới di động 12/256g 11.080tr 😢😢😢😢,0
Em có bán điện thoại A56 kg? Muốn mua thì đang ky như thế nào?,1
Nên mua A56 hay Motorola edge 60 ae 😢,2
Kích vô mua hàng thì 6tr8,0
Mình không biết gì về điện thoại mới mua a56 gần 1 tháng này giá giảm nhanh,2
"Đang dùng a73 5g nên rất rén mua sam, nhất là khoản sóng sánh rất kém",0
"A ơi mua ở đó có uy tín không? 
Vừa e áp thử thì a56 là 6tr7 còn a36 thì 5tr4. So với hôm qua thì a56 bị nên 300k còn a36 lại rẻ đi nhiều",1
PI SẮP RA... CAC HANG KHAC MET LUON...,0
Dương ơi giá ko tưởng,2
Tầm giá đó có nhiều lựa chọn hơn ss,0
"Mình ap mã shoppe vào a56 có 6tr4 .
Còn a36 lại áp vào bị đắt hơn 7tr1 là sao nhỉ.",1
Mua A56 vẫn là chân ái nhưng đợi hạ giá xuống nữa nhé,2
Mua con s26 untra về mà bào,2
Vưa mua A56 tren shoppe 6/11 5640k,1
chắc gn ra mãu mới nên xả dần,2
Aldroi nói chung và dt trung q nói riêng là bị rớt giá rồi,0
Mua a56 trên sp có cho kiểm tra hàng khi thanh toán không mn,1
Điện thoại phải giải quyết vấn đề gì thì mới mua. Bỏ tiền ra mua cái điện thoại về hom mất giá thì mua làm gì,0
Máy cũ mới có giá đó chứ mới chưa active làm gì có. 😅,2
"A56 bản chính hãng trên shopee áp mã khá rẻ  , live có khi về hơn 6tr tý",2
Chiều nay vừa lấy con A56 gần 11 củ Dương dê ạ. Bên thế giới di động. Ko rõ là đâu rẻ hơn dc,0
Nên mua điện thoại Motorola trứ danh đã về Việt Nam,2
Bữa em mua a56 chỗ đó luôn. Mua qua youtobe có voucher xịn mua giá 7tr quá đã luôn 🎉🎉,2
Hết hàng rồi 😢,2
Cho mình hỏi con A56  8/128 và A56  12/256 giữa hai con hơn nhau nhiều ít nên mua con nào cảm ơn,1
"Mình mua a56 128 6tr6 từ tháng 7 trên shopee chủ yếu dùng phát 5g cho con iPhone 14pro. Cảm nhận máy mát, pin trâu hơn ip, lâu lâu lấy chơi liên quân thay iPhone vẫn mượt",2
"có ai dùng a36 khi dùng ốp trắng chụp ảnh tối bật đèn lét bị phản quang không, bị nhòe đấy, bỏ ốp ra thì hết, ( trước con note 20 5g cũng bị như vậy)",0
Bấm vào link để mua hay sao a dương,2
"Shopee sale A36 tầm 5,7tr và A56 tầm 6,7tr thôi ông Dương ơi... ko cập nhật giá rồi 🤗",2
SS A56 với poco x7 pro 5G thì lên chọn máy nào ? Có ai dùng rồi cho xin ý kiến với ah . Thanks,1
"samsung galaxy A56 5G 128 , mua dc 2 ngày bị đơ màn hình ko gọi ko nghe dc , ko vào wifi và 4g dc quay video gửi cho hãng mang bảo hành 5 lần hãng đều báo ko tìm ra lỗi. cuối cùng người dùng phải chịu lỗi do nhà sản xuất. quá thất vọng cho 1 hãng lớn như samsung",0
"Mua thì mua luôn bản 12/256 xài cho lâu dài, samsung mà 8Gb Ram xài 1 thời gian lag máy à, đang xài s20 fe bản 8GB Ram mở nhiều app là lag lòi",0
Ai mua hàng Shopee rồi cho ý kiến .  tại mua hàng triệu trên mạng hơi rén,1
Sao mới có vou giảm a56 còn 6tr4 mà một lúc sau lên 6tr8 r😢,2
Hôm trước em có thấy anh live trên kênh tiktok em.thấy giá rẻ hơn rất nhiều các cửa hàng truyền thống.cho em hỏi là bảo hành có như cửa hàng ko.e cam ơn,2
❤,2
Mình muốn bạn Dương hổ trợ mua trả góp được k,2
A56 ra  thế giới di động 10t300k .,1
dùng chán,0
7 tr 6 là chưa có phụ kiện à ae ???,2
A56 256 g ở thế giới di động vẫn 11 triệu,1
Cuối năm nó có tăng giá không ae mình định mua a56,1
Bây giờ shop Hồng hạnh bán Ạ 56 5g đang có giá 6.423k có đúng k a Dương ?,2
👍,2
"Thôi trc tết mua cho rùi, vẫn nghèo ạ",2
"lấy đâu ra 5 củ, vô link 6.5 củ",0
A56 6t4😂😂😂,2
Dác,0
Dùng mấy con này bỏ tiền mua hàng tàu ngon hơn nhiều,0
Mua tren shoppe bh o đâu se yên tâm,2
Tối hôm mùng 9 xem ở lại điện máy xanh a56 vẫn bán hơn 9tr là sao,0
Em mới săn đc s24+ bản mỹ cũ 10tr là giá hợp lý chưa anh,2
"A36 sáng nay 5m3,a56 6m4 chưa tính hoàn xu gần 2 xị nữa",1
Mình đang xài A55.5g có nên lên A 56 ko hay chờ A57 ra luôn ạ,1
Mình mua 10/10 a56 6tr7,1
Vào thế giới di động vẫn hơn 10 củ anh,0
A36 thì rất tốt. Tiếc mỗi là không có khe cắm thẻ nhớ. Cảm ơn bạn đã bình luận rất công tâm. Để người mua có sự lựa chọn tốt nhất,1
áp mã vào A56 nó còn có 6tr3 - hoàn xu nữa thì giá nó đâu đó có 6tr1,1
Bao giờ A56 mới xuống đầu 6 nhể 😁😁,2
Mới lụm cho bố con A36 áp voucher còn 5tr720 trên shopee Fptshop 😂  mai nhận,2
Vừa xem a56 +tai nghe (800k) giá 7 củ 2. Mấy a/c xúc hết luôn 😅,2
A56 nha thiếu nhiu mượn thêm mà được con máy quá đẳng cấp,2
Giảm đâu A56 vẫn 8tr 8tr5 mà,2
Phải ở cửa hàng cũng giảm giống như trên sàn online thì tốt rồi 😂,1
A56 có 6 triệu4,2
Dù e ko bt gì về điện thoại nhưng thấy anh nói cx cuốn tht,2
Clip này để chữa cháy cho đàn em phải ko Dương? Amin Kha nói là mua trên shoppe ko được bảo hành kìa? Vãi... khen A34 bị người ta phản hồi ko tiếp nhận mà làm clip phản biện( càng nói càng bậy). Hãy đặt mình là người tiêu dùng thử xem coi chọn con nào khi giá ko chênh nhau là mấy. AB 2026 ra vậy có nên mua AB 2024 ko mọi người nếu bằng giá.,0
"con a56 mà tầm đấy thì vô đối rồi :v vl giá, sam năm nay khô máu với dòng A thật. S như lol nhưng A lại ngon",0
"Anh Dương ơi, anh có thể cho em hỏi nên mua vivo x200 hay ss s25 với ạ, em cần máy dùng pin ổn, camera đẹp và sóng sanh ổn ạ. em ko chơi game, cảm ơn anh ạ. chúc anh và gia đình nhiều sức khỏe.",2
A56 vs Poco x7pro thì sao mn,2
Săn sale trên shopee có 6t3,2
bưa mới mua a26 4tr4,2
"Ak Dương ơi có đt nào dưới 5tr mà chụp ảnh đẹp, màn ngon, cấu hình đủ dùng ko ạ. Ek quan trọng nhất là camera ạ, cả máy mới và cũ điều đc ạ, em cảm ơn 
Chúc ak và gia đình nhiều sức khỏe",2
"hqua ms mua cho mẹ mik, áp mã youtube shopping con a56 giá xuống 6tr5, đêm nay ai săn sale đt mà thích samsung thì chọn e này nhé",2
Xí xí sạt 56 nhanh hơn,0
E xỵt lốp như 🤮,0
"Vẫn hơi cao, hqua mới lụm dc vouncher yt shopping giảm A56 còn có 6.5tr 🗿",2
A36 nào 😘,2
"Nếu mua thì nên mua hẳn A56, còn bạn nào ko cố đc thì cứ quất A36 😅😘",2
Nên mua poco m7 pro,2
Tham khảo tại Điện Thoại Hay : https://dienthoaihay.vn/xiaomi/xiaomi-redmi-note-15-pro-5g-p968.html,1
"Chú Dương ơi,dưới 5 triệu thì mua điện thoại chính hãng nào ngon ạ,chúc chú nhiều sức khỏe♥♥♥",2
Ah ơi e muốn mua online mà sợ bị lừa 😢😢,2
Cần j 5G đâu giờ mạng 5G ko phổ biến chả tối ưu được cứ 4G mà chơi,0
Poco M7 pro của hàng offline nào cũng có à anh,1
Poco m7 pro có TV ko,1
ae giờ có nên mua Samsung a55 không,1
xiaomi 13 hoặc 12T đáng mua không dạ anh,1
"trào em cho anh hỏi anh có con rét mi 14,5g anh để qua đêm tụt bin 25 phần chăm bin mà không dùng gì mà đã tắt hết cả thông báo rồi  có Khải bin bị hư hỏng không có lên thay bin không em cho anh ý kiến nhé. chúc em luôn thành công",1
A ơi cho e hỏi vs e đang có khoảng 5 đến 6tr thì mua con nào chơi game ổn v ạ pin trâu tầm 500 amp trở lên là đc k quá nóng thì e nào tốt nhất v ạ e cảm ơn,2
.,2
"5tr nên mua samsung kh vậy chú Dương ơi, cháu thích samsung hơn xiaomi ạ😢",2
A đánh giá sao về goole pixel,2
"Chào Dương và đội ngủ ekip chúc moii người sức khoẻ
Mong Dương tư vấn giúp mình đang dùng 14prm giờ đang phân vân giữa 15 prm hoặc 16 pro vì 17 prm không như mình thích mong Dương tư vấn để lựa chọn máy",2
"chào a Dương, em đang muốn mua đt tặng cho phụ huynh (họ làm gv cấp 1). Tầm giá 7-8tr thì e nên mua con nào để tặng cho họ ạ? (hàng chính hãng, 256Gb càng tốt) Em cảm ơn chúc a một ngày tốt lành",1
Đổi mic mới hay sao giọng,2
So với Meziu lucky 08 chính hãng thì Poco m7 pro con nào đáng mua hơn ạ?? Bỏ qua NFC luôn ạ,1
"A Dương tư vấn cho e cái đt phụ giá rẻ chỉ dùng để nghe nhạc trên zingmp3 qua loa bluetooth, e cám ơn a",2
"Xin chào Anh, Nhờ anh tư vấn giúp điện thoại tầm giá dưới 8 triệu. Không phân biệt xách tay hay chính hãng chỉ cần ổn định. Nhu cầu công việc chỉ cần đọc file văn bản, lướt web, xem youtube, thanh toán ngân hàng, Em cám ơn Anh.",1
5tr5 mua redmi tubo 4 pro.  Seo shopee đầy.,2
Giọng anh dương công công thế nhỉ??,2
Giọng nay lạ😅,2
Anh đường ơi cho em hỏi có 18 triệu nên mua 15 plus 6!7 ích hay thêm tiền mua 15 Promax hàng lai lưu 21 triệu,2
.,2
"A Dương quên con poco x7 5g trên shopee oh, sale còn tầm 5tr5 ❤",2
Đánh giá và so sánh 2 con IQoo Neo 11 và Oneplus Ace 6 đi shop ơi,1
Nghe giọng bạn Dương hôm nay bê đ vãi,0
"e đang dùng vsmart live 4 và có nhu cầu đổi máy. Hiện e đang hướng đến s25u, tuy nhiên thì đây là thời điểm cuối năm rồi, hơi sát với việc s26u ra mắt. thế thì theo anh, e nên chờ hay mua luôn. Và nếu chờ thì với tầm giá thời điểm đó, có thể múc đc con ip nào đời cao tương đương k. Cũng như nếu mua luôn bayh thì có con ip nào tương đương k ạ. 

ps: nhu cầu e nó cơ bản lắm, nghe gọi lướt mxh thôi chứ có khi cả ngày cũng chả sờ vào đt nên muốn 1 dòng ổn định về lâu về dài hơn.

E cảm ơn và mong nhận đc tư vấn từ anh.",1
Nay giọng chú dương nghe khác🎉,2
"Ngày nào cũng nghe a trước khi ngủ, nay giọng ko quen",2
ok,2
"Anh Dương tư vấn cho em một chiếc Ipad với ạ.
Nhu cầu:
     - Học tập ghi chép bài trên Đại Học
     - Làm việc vẽ sơ đồ các kiểu, lưu trữ khá nhiều bộ nhớ 256 là đủ
     - Chơi game nặng như genshin max đồ họa và fps
     - Hiệu năng và các tính năng đáp ứng lâu dài, em cần 1 chiếc dùng lâu dài 
Tài chính dưới 20 triệu tiết kiệm được bao nhiêu càng tốt, em đang nghĩ là Gen 11, Air M3 và Pro M1
1. Với nhu cầu đó tư vấn cho em một chiếc Ipad đáp ứng tốt nhu cầu ?
2. Cho em một con Ipad có p/p tốt nhất ?
3. Tết em mới mua hoặc có thể qua Tết , tầm đó có ra Ipad mới gì ngon hơn không ?
Tư vấn cho em nhé, cảm ơn anh rất nhiều, chúc gia đình anh sức khỏe",1
"Chào anh em đang phân vân giữ iphone 15prm cũ 99% với s25 ultra đập hộp tại thấy giá xêm xêm nhau, anh cho em lời khuyên nên mua máy nào hơn ạ, em chỉ dùng dịch vụ cơ bản với lâu lâu chơi liên quân thôi ạ.",1
Ông kia bảo ip14prm lên ip16prm mà ko khác nhau tôi cũng ạ chắc ông ý chỉ nghe gọi với nhắn tin,0
"chào chú Dương, nay ss a56 5g và s24fe đang có giá gần bằng nhau chú đánh giá thế nào, tại cháu thích thiết kế của a56 hơn nhưng hiệu năng của s24fe mạnh hơn nhiều. chúc chú sức khoẻ.",1
"Chào a Dương Dê!  Anh đánh giá như thế nào về camera các flagship Galaxy S25 ultra, Vivo X300 Pro, Oppo Find X9 Pro,  IPhone 17 Promax. Theo anh thì đâu là flagship chụp ảnh tốt nhất hiện tại? Em mong được lên sóng ạ 😀",2
"Anh dương ơi giúp em với, tài chính e có khoảng 20 nhích tí ạ, e có nên mua iphone 16plus không ạ, e chỉ lướt wed, fb, tóp tóp , lâu lâu mới xem phim và ít chụp hình ạ, em không chơi game . xin anh tư vấn giúp ạ",2
"Xin chào chú Dương, cháu đang có 15tr hơn. Tính mua con xiaomi 15 vì thấy toàn diện trong tầm giá. Chú thấy ổn kh ạ hay còn con nào ngon hơn. Cháu cần cam nét, đặc biệt cam trước nét, rõ, chân thật k làm mượt mịn như oppo vivo. Cảm ơn và chúc gđ chú sức khoẻ🎉",2
"Chào anh Dương, chúc anh 1 ngày tốt lành! 
Em đang có nhu cầu 1 chiếc máy phụ là flagship cũ lanh quanh 4 triệu với nhu cầu camera là chính, em đang có 2 sự phân vân như sau: 
Xiaomi 12s
Sony 1 mark 3
Anh tư vấn cho em với, em cũng đang dùng Iphone 15 plus do pin còn 87% hơi hẻo nên em cần máy phụ, monh anh tư vấn ạ",1
Mìn muốn mua 1 con điện thoại đang phân vân giữa realme neo 7 và neo 7 turbo mình cần pin trâu cam ngon và chơi game ổn đặc biệt quay video tốt mọi người cho xin ý kiến với ạ,2
"Chú Dương so sánh Iphone XR và Meizu Lucky 08 được không ạ ? Cháu quan trọng thông báo, cam đủ chụp bài giảng rõ ràng là được, hiệu năng đủ chơi Liên Quân setting cao vài năm. Trong tầm giá còn máy nào tốt hơn thì chú gợi ý luôn ạ ? Và máy xách tay ROM quốc tế dùng có ý hệt máy quốc tế không ạ ?",1
"anh Dương và mọi ng cho em hỏi: ưu điểm của pin S.C so với Lithion là dung lượng cao hơn, rõ ràng ai cũng biết. vậy thì nhược điểm của pin S.C so với Lithion là gì vậy ạ",1
"chú ơi cho con hỏi là xiaomi 13(cũ) hiện tại dùng còn ok ko ạ, nhu cầu của con là chơi game, chụp ảnh và con muốn dùng khoảng 4 năm. Con cảm ơn chú ạ",2
Người ta hỏi tầm giá 5 triệu vì ko cố thêm được dù chỉ 500k! Nên cháu cứ giới thiệu hàng 5 triệu đi!,0
"Em chào anh, anh cho em hỏi hiện tại em có khoảng 6-7tr, em muốn tìm 1 máy chính hãng khá cân bằng và em chỉ chơi liên quân thôi, mong anh giúp, cảm mơn ạ❤❤❤",2
"Chào chú chú có thể tư vấn cho cháu ,  1 chiếc điện thoại <9 triệu phù hợp với chơi game , học tập , pin khỏe , sạc nhanh , máy >6,5 inch , >120hz , cam đẹp không ạ , chúc chú 1 ngày vui vẻ",2
Anh dương luyện tịch tà hay quỳ hoa thế 😂😂😂,2
"Chào anh Dương. Theo anh, trong dàn flashship android năm nay con nào quay video ổn nhất. Cảm ơn anh, chúc anh cùng gia đình mạnh khoẻ",1
"Chào dương, dương cho mình hỏi là có 5 đến 8 tr mình muốn mua đt cho vợ , vợ mình dùng chủ yếu là fb youtube chụp ảnh và các app ngân hàng thì mua máy nào tốt nhất, mình ở gần thế giới di động , mong trả lời ? xin cảm ơn !",1
Nghe giọng không thấy trầm ấm và truyền cảm bằng các số trước,1
Giữa Oppo a6 và vivo 50l máy nào Sài tốt chíp mạnh,1
Nghe giọng như thái giám vậy trời 😢,2
E muốn mua con honor.x70 gía sao vậy a,2
Với anh em chẳng thấy con nào ko ngon...chắc  trừ c..t thôi a nhỉ...,2
Dạ em chào anh Dương em đang có 5 tr thì nên mua samsung nào ạ.Em chỉ dùng những tác vụ cơ bản và chiến game mượt tí.Chúc anh một ngày vui vẻ❤,2
Số anh anh dùng AI lồng tiếng cho nội dung ạ. Cá nhân em nghe thấy lạ và không cảm xúc bằng các số trước đây,1
"Dạ chào anh Dương, anh cho em hỏi em tính mua con oppo find x8 pro nội địa up rom quốc tế ram 16/512 hàng likenew sạc 56 lần giá 14 triệu thì đã phải lựa chọn tốt nhất trong tầm giá chưa ạ. Tại em lần đầu mua máy đắt tiền nên cũng rất đắn đo sợ mua không ưng ý. Nhu cầu của em là chụp ảnh đẹp, dùng lâu dài mượt mà 4-5 năm. Cảm ơn anh nhiều ạ😊",2
Find x8 nội địa có điểm trừ gì v mn. Đang phân vân con đó với ip14. Mà chưa mua hàng xách tay bao h nên ngại chưa dám mua,1
Cần lắm anh ra 1 video so sánh tổng thể giữa: Xiaomi 17 - VivoX300 - Oppo find x9 năm nay,2
Hôm nay chú dương dùng AI lồng tiếng ạ,2
E chào a hiện tại e đang có 27tr tiền tiết kiệm (ngày 10 lấy lương)  e đang phân vân mua x9 pro quốc tế hay x9 pro nội địa giá tiền chênh lệch để mua 1 máy nhận thông báo nghe gọi. E cảm ơn a. Chúc a và gia đình nhiều sức khỏe,2
Em đã theo dõi kênh của anh lâu rồi. Nay em có ý định đổi điện thoại mới nên muốn tham khảo ý kiến của anh.  Em đang phân vân giữa 14 promax 256GB và 15 promax 256 GB ( cả 2 đều cũ) . Theo anh nên mua con nào ạ. Em thấy hội nhóm anh em bảo dòng iPhone 15 xài nóng máy pin tuột nhanh. Mong anh trả lời. Chúc anh và gia đình có nhiều sức khoẻ. Kênh càng ngày phát triển,2
"Em chào anh Dương, em có người quen bán lại Iphone 15 pro max 256gb với giá 16 triệu, đã 1 lần thay màn hình linh kiện chính hãng thì có nên mua không ạ ? Hiện tại máy vẫn đang chạy bình thường",1
"Anh cho em hỏi tầm đến tết thì iPhone 17 giảm giá  có đáng mua không vì em đang dùng redme note 11 pro 5g bản rom tàu muốn dùng thử ios, nếu không thì android tầm giá con con nào màn 2k dùng để đọc truyện chơi game bth không anh, em cảm ơn chúc anh nhiều sức khỏe (bản rom tàu này dùng tin nhắn ko trễ làm máy chính ngon phết 🐧 dùng 5 năm ko giật lag)",2
"A Dương nghĩ sao Meizu,giữa các máy,máy nào ngon nhất,tôi dùng Xiaomi lâu năm,muốn quan tâm 1 e Meizu",1
Chào Anh Dương cho Em hỏi Oppo A06 dùng ổn không ạ số với sámung A56 giá gần như nhau dùng loại nào tốt hơn ạ Em chỉ dùng giao dịch ngân hàng đọc báo chí zalo phây thôi và nghệ nhạc ạ cảm ơn Anh,1
Anh dương cho e hỏi e đang xài iPhone 7plus có nên mua ko  ip xs và  IP 12 mini mong anh tư vấn chúc anh dương có sức khỏe,2
con chào chú Dương ạ. Cho con hỏi là hiện giờ galaxy z fold 5 cũ dùng còn ổn k ạ với có con nào ngon hơn trong tầm giá chú tư vấn giúp con. Con cảm ơn chúc chú và gia đình nhiều sức khỏe,1
Không ngại xách tay thì cố chút nữa khoảng 5m4 là mua đc turbo 4 quá ngon :)),2
Sao giọng nghe lạ quá😅,2
❤❤❤,2
Tham khảo tại CellphoneS : https://cellphones.com.vn/black-friday?utm_source=pr&utm_medium=DuongDe&utm_campaign=black-friday_27112025,1
"Cho em hỏi nên mua s23 ultra cũ hay find x8 cũ ạ, em định mua ở cellphoneS thấy hai con giá cũng ngang ngang nhau. Nhu cầu em cần quay video chụp ảnh và có thể sử dụng tốt trong 2,3 năm tới ạ.",2
"Thanks anh nhé, bài phân tích hay .",2
Tôi dùng hàng cận cao cấp nhiều... Trc hay dùng SS.. nay tôi chuyển sang xaomi dùng thấy ổn hơn,2
"Black Friday khum phải black fire day, black fire day la cai gì cha nội cellphone s 😂😂😂",0
"Tôi chả thấy các ông chê cái gì bao giờ, cái gì cũng khen.",2
"Mình đang dùng 16 pro sa mạc 128gb, sau 1 năm thì hnay thấy con find x8 này đang giá tốt thì có nên đổi ko ae",1
Oppo nhìn ngon mà pin yếu quá so với giá tiền bỏ ra.,0
Bữa nay nghe như podcast,2
ko quá nổi trội hơn thì chọn OPPO làm gì. T chọn 15T Pro,1
Xiaomi 15T pro 512gb  mua shopee mall 13.700k ổn ko ae nhỉ..,2
Mới mua Xiaomi 15t pro giá 13tr4 mà,2
Con find x9- ngày 28 giá sale có 16tr hơn tý thôi nha mn,2
Xiaomi ko thương hiệu trên thị trường thua xa oppo sài chẳng ai biêt xiaomi là gì,2
Mãi mãi ko bao giơ mua xiaomi,2
Oppo mua đc thương hiệu còn xiaomi ko mua. Sài rồi thua,0
Chú cho cháu hỏi tài chính dưới 9 triệu thì máy nào có tiếng việt có sẵn mà hiệu năng khỏe với sạc nhanh vậy chú mong chú tư vấn và chúc chú và gia đinh có nhiều sức khỏe ạ,2
A ơi cho e hỏi là sao Xiaomi 15T Pro ở mobilecity chỉ có 14tr3 vậy ạ,2
Mình nghèo chỉ dùng máy xách tay 😅 đang xài redmi turbo 4 pro 😂,2
"Để chạy ship thì có chiếc nào tầm 3tr màn sáng, pin trâu không ạ ?",1
Find x8 giờ mua có khó k ạ🥹,1
"rất cần anh Dương làm 1 bài so sánh OPPO Find X8  với 1 sản phẩm iphone cùng tầm  giá , giống bài trước đây so sánh iphone 16 plus và s25 utra plus",2
a review con  galaxy buds core đi a,2
"Mi 15 có giảm ko a  , a so sánh fine x8 với mi 15  về khoản thu âm chụp ảnh và tác vụ thông thường",2
"Chú Dương ơi, mong chú làm clip mở hộp và đánh giá chi tiết về dòng điện thoại Poco F8 Pro mới ra mắt chính hãng tại Việt Nam đi chú.",2
"Anh Dương ơi, em đang dùng Iphone và muốn bỏ IOS, nhảy qua Android
Mức chi phí khoảng 10-15tr.
Anh cho em một vài gợi ý nên mua đi anh. Em cảm ơn. Qua nay em khá ưng Xiaomi 14T hoặc 15T. Nay thấy có Poco F8 cũng đang phân vân anh ạ.
Em cảm ơn anh.",1
"Chào ah ạ, ah cho em hỏi giữa con oppo find x8 vs con vivo x300 sắp ra nên mua con nào ạ.",2
Mua pura 70 chỗ nào bán uy tín vậy bạn,1
Tiền ít mà hít của thơm thì chỉ xiaomi 15T pro. Còn so sánh thì oppo giờ ngon không kém iphone.,2
17trx Giá đó mua đc find x9 sale shopee rồi. Còn 15T pro 12tr9,2
Quay nhà của anh đi,2
"khuyên ae mua oppo
xiaomi phần mềm chỉ đc 7đ so vs oppo thôi 😅😅",0
X8 nhé,2
có giảm find x8 pro ko ạ,1
Bạn ơi!  có nên nâng cấp lên iPhone 17 pro hiện tại hay chờ iPhone 18 pro ra mắt năm sau.,2
"trong tầm giá 17-20tr có con ip nào ngol hơn find x8 không a cũ mới đều được , e chuyên giải trí ,chụp ảnh , quay video , e không chơi Game. Chúc A và GD nhiều sức khỏe",2
chú dương ơi cho cháu hỏi ở thời điểm hiện tại có nên mua ip11 max ko ạ chúc chú nhiều sức khỏe ạ,2
Chú Dương Dê làm clip so sánh samsung a16 và a17 bản 5g được hông ạ.Con chúc chú và gia đình thật nhiều sức khỏe và thành công ạ.,2
"Bài đánh giá anh thật sự công tâm, tuy nhiên thì oppo flagship vẫn quá ngon trong tầm giá 🥳🥳",2
Mi 15t pro thiết kế rất đẹp...nhưng dòng oppo dùng ngon hơn ổn định hơn,2
E chào a Dương mong a trả lời giúp e tại sao e thấy xm15tpro ở 1 số cơ sở như Mobilecty và di động mango và 1 số cơ sở khác họ bán xm15tpro có 14tr500 rẻ hơn ở TGDD và cellphones 3tr vậy ạ.Liệu máy bán rẻ hơn nt có đc BH chính hãng ko a.E có hỏi bên mobicty họ có nói máy bên họ đã đc kick hoạt BH trước đó rồi ls hả a.mong a trả lời thắc mắc giúp e e đang phân vân ko biết nên mua ko.E cám ơn a ạ,1
Giảm giá còn cao thế con điện thoại tồn kho bán giá trên trời,0
"oppo ăn chặt, mấy con cận cao cấp lỗi vặt chúa",0
"1 con thì flg, 1 con cận. giá chênh lệch cũng nhiều. nhưng nếu xác định xài lâu dài thì oppo vẫn ổn định hơn",1
"15T pro new có 13,x triệu thôi ông ơi",2
Cho mình hỏi mua s 24 Uchiha mà có may nào ngon hơn s 24 Uchiha ko mình ko thích ai phôn miễn là dòng ai doi mong a tư vấn,2
"Ram của androi rất cao như 8,12,16  nhưng đa nhiệm thì toàn phải load lại ứng dụng , test thực tế thì ram 16gb của androi k bằng rầm 8 của iPhone, sự thật k thể chối cải",2
"Chào anh, em hiện đang dùng 1 con redmagic 10s pro, 1 con iPhone 14plus với 1 con oppo find x9 pro, cuối năm em định đổi con 14pl lên 17 thường thì ổn không ạ, em làm máy chính, cần nhỏ gọn và là iPhone, em cũng phân vân 16pro mà cầm thử cửa đứa bạn thì nó hơi nặng, mà 16 pro hơn 17 thường về camera mà camera thì có con oppo rồi",2
"A liên kết km, Samsung A36, A56 BẢNG 8/256 ĐI A!",1
"Thích phần mềm oppo hơn,nhưng lại thích đt màn hình to,6.59inch với cá nhân mình sài k sướng bằng 6.8 hoặc 6.9inch",1
"Mình trãi nghiệm find X8  mọi thứ ổn trừ mạng lâu lâu bị lỗi ""ko kết nối máy chủ được""",0
Hilo anh,2
Tham khảo tại Clickbuy : https://clickbuy.com.vn/xiaomi?utm_source=duongde&utm_medium=ytb&utm_campaign=xiaomi,1
Nói chung là note 14 hơn 13x,2
"13X là đầu 4tr hoặc có thể dưới 4tr, còn Note 14 4G là ở 4tr cao, gần 5tr rồi nên khác nhau là đúng! So sánh thế ko được.",0
Mình mới mua redmi not 14G giá 5triệu 500k,2
Đang dùng note 14 có ae nào giống mình không nhỉ,2
"anh so sánh redmi note 14 4g vs note 12 pro 5g có sẵn tiếng việt, cùng tầm giá 3tr8 con nào đáng mua hơn ạ?",1
"Chào anh . A cho em hỏi 1 chút ạ . E đang băn khoăn giữa s24 ultra và 25ultra  không biết chọn con nào . Và thêm 1 cái nữa là máy bên cellphones và clickbuy thì có gì khác nhau không ạ em đang phân vân là không biết mua máy nào và mua ở bên nào , mong anh tư vấn ạ .",2
Tần tài chính 15m nên mua máy gì anh,1
14 promax với 15 pro nên chọn máy nào ạ,2
Mua con 14 hơn ❤,2
Em đang dùng k40 mà giờ muốn đổi máy khác nhưng vẫn vân tay cạnh với face thì sang con nào ae nhỉ,1
"4tr chính hãng cứ Poco m7 pro mà  quất, ăn đứt 2 con này",2
2 con này có ăn đc con 8pl 256 hàng chất ko ạ?,1
mấy hãng này có bị trễ tin nhắn k v mn,0
"15tr nên mua ipad và ip nào ạ 
mong a rep",2
Redmi note 14 4g của tôi 5Tr5,0
Cố thêm một chút nữa mua redmi note 13 pro ngon hơn nhiều,2
Not 14 4g giờ rẻ nhỉ hơn 1 tháng trước mình mua 4990 vãi thật chứ,2
Thua cả note 13 năm ngoái,2
K mua con nào trong 2 con này .mua OPPO A58 dùng vừa bền  phần mềm lại ổn định k bị trễ thông báo,2
Dạ anh ơi giữa 12 promax và 14 plus thi em nên mua máy nào em đng phân vân ạ,2
Tầm giá đó thì cố xíu lên 16promax vẫn hơn chứ bạn,2
Mình đang phân vân con 14t với x7 pro ko biết con nào hơn mong mọi người giúp❤❤❤,2
"Bác Dương ơi. Em đang dùng 11 promax giờ  máy thi thoảng bị tắt màn hình và bị load vòng tròn nhỏ giữa màn hình đen. Khoảng 1-2p lại tự mở lên vậy là bị làm sao ạ. Giờ mà em bán đi dc khoảng 5-6tr thêm 5-6tr nữa khoảng 11-12tr nên mua máy nào sài ổn trong 3-5 năm nữa . Nhu cầu lướt yotube Facebook, xem tài liệu word, excel, edit video nhẹ, chơi game ít (chơi game PC là chủ yếu), hay chụp hình và quay video ngắn. Mong bác và quý vị khán giả tư vấn ạ. Em cảm ơn bác Dương và quý vị khán giả  nhiều.❤❤❤",1
Samsung A56 và reno 13F thì sao a?,1
note 14 ăn đứt 13x rồi cần chọn 14,2
"Chỉ riêng cái màng hình AMOLED của Remi note 14 là đủ ăn đứt Remi 13x rồi không cần phải so sánh thêm nữa, nếu trong tầm giá 4 triệu tôi sẽ chọn Remi note 14, vì nhu cầu của tôi là xem video và dùng những ứng dụng mạng xã hội là chính, chọn cái điện thoại có màng hình đep và có 2 loa để âm thanh to rõ hơn là OK",2
"4m iqoo z9,realme neo7x ngon hơn",1
Anh Dương ơi lt bê là chỗ nào ở Việt Nam lần thứ 2,2
"9,5 triệu lên 14 triệu có phải là “ cố nữa không các bạn",2
anh so sánh nên mua Samsung A56 hoặc Xiaomi 14t đi anh. Chúc anh nhiều sức khỏe,2
Bảo hành cho máy chinh hãng là hãng tặng sẳn chứ có phải mua của cửa hàng đâu,0
Rn 13x cùi hẳn so với rn14 4g,0
"a Dương ơi anh tư vấn em điện thoại dưới 5tr cam ngon, có góc rộng vs quay ít rung nhất có thể ạ. Em chỉ lướt tiktok liên quân và quay chụp ạ. Em cảm ơn anh và ekip",2
giữa v70max và poco c75 thì nên chọn con nào vậy ae,1
"Không mua con nào trong 2 con này, 4 triệu thà mua poco m7 pro 5G😋 hơn tất 2 con trên, shopee Mall của xiaomi",0
Sớm nek anh,2
Tham khảo tại Điện Thoại Hay : https://dienthoaihay.vn/xiaomi/xiaomi-redmi-note-13-pro-5g-p706.html,1
"Note 13 pro thấy cellphone bán giá trên 8tr ,còn mấy chỗ khác hơn 4tr .là sao vậy mọi người. Chính hãng với xách tay à",1
còn ko anh ơi muốn mua một chiếc remix 13pro5g,2
Ở Thanh Hóa bán chổ nào vậy,2
"Mình mua redme note 13 pro 5g hồi tết trong TGDĐ 10tr600k bây h giá sục gê vậy chèn định đổi cái 14 mà ôi thôi cái vỏ sau thì ở lại lớp với cái 13 nên thôi ,cái vỏ sau redme 13 note pro 5g quá đẹp  cực kì sang trọng",2
"Con 13pro nó thiết kế đẹp quá chèn,rất đơn giản mà sang trọng",2
"anh ơi muốn mua đt trên trang điện thoại hay, nó có chi nhánh toàn quốc ko ạ, hay bán online",1
Cho mình hỏi của hàng có ở HCM ko,1
Mua note 13 pro 5g bãn 512 g giá 6 triệu qua tay còn bão hành 10 tháng nói chung là xài quá sướng màn hơi bị mượt mà pin xài càng tuột càng trâu pin chứ ko phãi tuột là tuột luôn,2
Xem vid này hơi muộn. Đã mua 14 4g và hối hận 😢,0
Mình thấy remid not 13 pro ngon hơn,2
Mua như nào v ạ,2
"anh so sánh redmi note 14 4g vs note 12 pro 5g có sẵn tiếng việt, cùng tầm giá 3tr8 con nào đáng mua hơn ạ?",1
Hỏi thì lại kêu. thêm 100.000 vì màu đen này nọ trong khi cứ để ở trên là 4tr450k,0
Cứ bản pro mà phang,2
"các cụ để ý con note 13 pro 5g này hầu như các reviewer đều rất hạn chế quay phần vuốt chạm, vì nó rất chậm nha. cảm giác ko bằng mấy con 90hz giá rẻ của nhà sam nữa",0
Ủa sao con not 13 pro 5g nó rẻ hơn con kia z,0
:((( Nếu Xiaomi Redmi Note 13 4G với Xiaomi Redmi Note 14 nên mua cái nào vậy ạ.,1
"Đợi note13 pro 5g xuống 4củ2 ra  shop mua luôn
Mãi chả xuống vẫn 4 củ5😍😍😍😍",2
redmi note 13 pro ngon gấp mấy lần nhưng t thấy note 12T pro tầm giá mà ngon hơn 2 thằng kia nhiều,2
Mua ZTE blade v 40 hơn,1
Note13 pro 5g ngon mà mỗi tội cái kính cammera  nó dễ xước vc,0
"Redmi note 13 pro dùng làm máy chính được không a, có cài được app ngân hàng, vneid ko",2
"Sao redmi 14 mình nghe thấy có 1 loa dưới nhỉ,loa trên k nghe gì luôn,phải lỗi k v mn",2
"Nhìn quả Viền màn hình lúa vãi đái
Cứ note 13 pro 5g mà mua Anh em. 
Đẹp, ngon, sạc nhanh, rom tiếng việt cài bản NFC là dứt
Xài 2 năm mua con khác",2
redmi note 13 pro out trình rồi,2
"Vậy Note 13 pro5G có bị trễ thông báo ko ạ, xách tay sợ mỗi cái này",1
Redmi note 14 4g vs note 13 pro 4g thì chọn sao đây anh dương ơi,2
Mình đang sài con note 13 pro 5g để rom nội địa thông báo vẫn nổ ầm ầm không vấn đề gì,2
mới lụm redmi note 14 3tr6,2
Note 13pro so sánh với 14 5G đi anh,2
Mới mua con chính hãng note 13pro 5g 4tr5. Máy đẹp keng k vết xước luôn. Dùng đúng tốt. Máy mượt camera đẹp thật sự so với những con dòng Mi T mình đã dùng.,2
"Anh ơi sao em thấy các dòng redmi not 13 , và redmi not 13 pro 4g và 5g ngừng kinh doanh rồi vậy anh ?",2
Không nên mua redmi note 14 nha cảm nhận sau 3 ngày của mình thù thấy nó khá lag mạc dù chỉ coi phim đang coi thì màng hình nó giật đen còn chơi lq thì giật lag liên tục nói chung hiệu năng con này khá kém không nên mua😢,0
a danh gia lai con z9tubo di a giong nhu thi truong lang quen con nay roi😂😂😂,2
Mình đã lăn tăn giữa 2 cái này. Nhưng mình vẫn chọn 13pro5g hơn. Và mình đã mua,2
đag dùng 13pro 5G chính hãng cảm thấy khá ổn,2
Redmi note 14 có 3m9 mới quất xong :),2
Vivo 9s pro với poco x7 pro con nào ok hơn vậy a,2
anh tư vấn em 1 con máy hàng chính hãng .từ 5_7 triệu . 2 sim có 5g.pin 5k trở lên. rom và ram trung bình khá .hiệu năng vừa .cam ổn có camera tele .,1
Mới bốc redmi note 13 pro 5g sài rất ổn,2
Cố tý Mua redmi tubo 3,2
Mình dùng note 13pro 5g 2 năm rồi.mình mua sách tay.cài tv k bị chậm thông báo mất 300k.nhung k có nfc nha.còn cài có nfc thì k cập nhật phầm mềm đc.nên mình chọn cài k nfc.dùng ok.k lỗi vặt gì.nên mấy bạn muốn mua sách tay thì cứ yên tâm mà dùng nhé!,2
Điểm yếu là 4g  note 14,1
"Nói tới cái dienthoaihay này mà cay, để trên web thì còn hàng, cho đặt mua, đặt mua ,thanh toán xong k thấy liên lạc gì lại xác nhận đơn,tới hồi mình tự liên hệ thì bảo web lỗi k check còn hàng đặt mua đã hết hàng r, coi có điên k",0
Anh ơi em mới mua được 1 con xs 256gb màn lô pin chai 92% giá 3 triệu 5 có ổn ko ạ,2
note13 pro giữ giá thế nhỉ. mua cách đây hơn 1 năm rồi lúc đớ 4tr950k :),1
"Tưởng iphone13promax sọc màn, iphone 13mini cũng sọc màn😢,đúng đồ đtử hên xui thật.",0
Điện thoại hay sao bây giờ bắt ép mua bảo hành bực thế nhỉ lúc trc mua có như vậy đâu,0
😮😮ơ chô minh sao may ban măc tư 5cu toi 6 cu con tren nay may ban re va,1
So sánh xt với chính hnagx là thấy khác biệt rồi,2
Tôi mua Note 13 pro 5G bản 12G/512G. Dùng tạm ổn.pin hơi kém,1
Mọi người cho em hỏi chút ạ là giữa ip13 prm 128gb bản Mỹ fullbox với ss s23ultra 99% thì nên chọn loại nào ạ. Em cảm ơn ạ,1
Redmi note 14 hay infinix hot 40 pro ngon hơn v 😢,2
Còn 1 lựa chọn khác là 12 turbo dễ unlock hơn up đc rom qte,1
Oneplus ace 3v mua làm máy chính ổn ko ạ,1
giữa iqoo z9 turbo 5g và redmi note 13 pro 5g thì máy nào ok hơn ạ,2
Vậy thì sao k lấy con 14pro luôn giá có hơn mấy trăm nữa,0
Bạn dương cho mình hỏi mình mới lên s25 ultra mình muốn mua một chiếc iphone nhỏ gọn làm máy phụ tầm 18tr hàng mới tinh nên chọn máy nào vậy ạ,2
Làm máy phụ thì ngom,0
B tư vẫn giúp mình khoảng 20tr nên mua iphone nào? Chỉ xem phim và lướt wed nhé. Cám ơn b nhiều..,1
Điện thoại hay rất hay bịp. Mang tiếng tặng bảo hành vàng nhưng mua toàn dọa người mua là nếu ko mua thêm gói bảo hành mở rộng thì thời gian bảo hành sẽ lâu hơn vì phải gửi sang bên Trung Quốc😂😂😂. Tóm lại vẫn là khều người mua mua thêm gói bảo hành thôi,0
Xiaomi 14T đầu năm 2025 giá 11tr còn đáng mua không bạn? Mong bạn trả lời!,1
Thêm 200k mà mua con redmi note 14pro 5G luôn chứ mua 2 con đấy làm gì???😂😂😂,2
Riêng em sẽ mua Redmi Note 12T Pro vì bộ nhớ UFS 3.1 và chip mạnh. 2 cái này sẽ ảnh hưởng đến độ mượt hệ thống. Còn màn IPS dùng tạm ổn chả sao 😁,1
Mình không biết hàng xách tay có phụ kiện thay sữa không ah,1
"tầm giá 15,16m thì nên mua điện thoại nào ok vậy a samsung hay Trung Quốc",1
Tôi sài samsung a12 4 năm rôi sài vân ngon chơi ff mươc sam sung là bên❤,2
Em chọn Vivo Iqoo Z9 😊,2
giờ e có 2 lựa chọn giữa redmi note 14 và Samsung a25 5g em chuyên chơi game e nên chọn cái nào ạ,1
Tính ra so sánh với note 14 pro thì vẫn nhiều người chọn note 13 pro á chớ nói gì note 14,2
Note 13 pro ngon hơn 😊,2
❤😮❤😮❤😮❤😮❤😮❤😮❤😮❤😮❤,2
Tất nhiên redmi note 13 pro,2
Tham khảo điện thoại Xiaomi tại Clickbuy : https://clickbuy.com.vn/xiaomi?utm_source=duongde&utm_medium=ytb&utm_campaign=xiaomi,1
Nếu redmi note 14 5g về giá sau sale 5 củ 3 thì ok ko,1
"Mình tài chính 50tr thì mua máy gì ạ, nhu cầu chỉ để nghe gọi là chính",1
"anh ơi em đang tìm mua điện thoại cho ba, nhu cầu của ba là chụp hình tốt và đa nhiệm ổn, giá loanh quanh từ 5 triệu đổ lại ạ, mong anh tư vấn giúp em ạ, e cảm ơn ạ",2
"So sánh tẩy não à,1 con ram 6g so với 8g, bộ nhớ thì gấp đôi nhau thế cũng so được,tiền nào của đấy thôi",0
giữa redmi note 14 4g và Honor x7c thì nên chọn con nào ạ,1
j,2
Bản 5g hơi ngáo giá thât chứ không là mk quất rồi,2
Giờ trên thị trường giá thế nào rồi bác,1
"14 dùng cơ bản là ngon bổ rẻ, dùng ổn, bền. Nói chung vòng đời 3 4 năm thay máy là ok, chứ bản 5g bỏ thêm ngần ấy tiền ra ko đáng thật.",1
"Xin hỏi mọi người đã dùng con note14- 4G có hay bị lỗi màn hình không ạ,đang phân vân lắm ạ",1
poco x7 giá hơn 6tr ở đâu còn bán mà mua,0
"G99 2025 chắc cũng đang đuối dần r =.= vậy mà tecno với infinix nhai mãi 1 con chip từ mẫu cũ sang mẫu mới, đã v còn tinh chỉnh lại xíu để G100 và G200",0
Máy tụt pin quá trời,0
"giá tại cellphones là 4tr5 còn clickbuy là 4tr1, nên mua bên nào đây a dương 😂😂",2
HÃNG NÀY DÙNG CHÁN ..ĐANG DÙNG T NÉM LUÔN VÀO TƯỜNG,0
Cờ lít bai,2
cho mình hỏi bản ở clickbuy là bản chính hãng hay xách tay vậy,1
cho em xin địa chỉ và sđt của shop bán điện thoại uy tín nhé anh dương,2
6gb/128gb với 8gb/128gb thì sao ạ,1
Cho t hỏi 4g là k sài dx 5g hay tên nó thế,1
Mình muốn mua redmi note 14 4 g nhưng không biết mua ở đâu bán chỉ Rúp mình với nghe xin cảm ơn bạn,1
"X7c honor vs con này 
Con nào ổn hơn anh",2
Đang Sài redmi note 14 4G quá ok,2
Mọi người tư vấn lên mua redmi notr 14 4g hay infinix hot 50 pro plus ạ.e cảm ơn.,1
Mới mua note 14 5g 256g xài phê thiệt,2
"Cho mình hỏi redmi note 14 phần trên camera trước,là lỗi hay là khe thoáng hãy mình sác nhận",2
❤ cảm ơn a,2
"Test trực tiếp tại cửa hàng thì bản 5g ăn đứt  bản 4g. Cũng có thể con máy 4g mình test nó ""có vấn đề"". Các bạn cứ ra cửa hàng test trực tiếp.",0
Đà nẵng có clickbuy ở chỗ nào vậy ạ,1
Đánh giá rất khách quan.,2
nếu mà so về camera thì con nào ngon hơn nhỉ,0
Bản 5g làm gì có 3 cam nhỉ,0
Poco x7,2
Hay,2
Redmi note 14 4g chụp ảnh đẹp k ạ,2
Redmi not 14 4G có NFC k mọi người,1
"anh Dương ơi em cần hỏi ạ: ""chuyện là anh thấy Redmi note 14 pro bản 4G và bản 5G có thật nhiều khác biệt không ạ? Nếu không có nhiều điểm hơn thì có nên mua bản 4G cho tiết kiệm thay vì bản 5G không ạ???",1
"Con Redmi Note 14 4G mình Sạc Cục sạc Bị Nóng , có sao ko ạ , máy thì Sài rất ổn ạ , Sạc m.n có nóng ko ạ",1
"anh so sánh redmi note 14 4g vs note 12 pro 5g có sẵn tiếng việt, cùng tầm giá 3tr8 con nào đáng mua hơn ạ?",1
Mới mua sài rất ok nhé mn,2
Thay đổi thuật ngữ gọi gọi sạc nhanh 33W là sạc chậm trên 33W là sạc nhanh còn khịa hãng nào đó,0
ko thấy nfc chán quá,1
Quẩy lên anh ơi 🎉🎉🎉,2
Màn hình lúc sáng lúc tối.pin dùng chưa được ngày.loa lúc to lúc nhỏ khuyên anh em đừng mua,0
"Ae dân rành đt cho mình hỏi mình có 8trieu tròn nên mua cái điên thoai nào ok nhất mua xài bt ko có chơi game, ae chỉ dùm 1 số dong tks ae",1
7tr máy nhỏ có nên mua xiaomi 13 cũ ko ạ?,1
em xin in4 đồng hồ a đeo với ạ,2
Anh so sánh redmi note 14 5g và redmi note 14 pro 4g đi ạ,2
"mn cho mình hỏi mình có dự định mua con tecno camon 40 pro thì có ổn ko hoặc trong tầm giá này có con nào nhỉnh hoặc đáng mua hơn camon 40 pro ko ạ? Nhu cầu mình sử dụng nghe gọi nhắn tin cơ bản, ko chơi game, cam trong tầm ổn đến khá, pin trâu, làm việc và giải trí mạng xã hội cơ bản, mượt ko giật lag, độ bền sử dụng tốt đc trong khoảng 3-4 năm ạ",1
14 4G ko có NFC,1
Hay xuất sắc!,2
Quay video thì nên mua con nào dưới 10 ạ,1
Ai đang xem điểm danh cái nào!,2
xin hỏi với 6g ram của note 14 thì chơi liên quân có bị lag ko?,1
Học được nhiều điều bổ ích,2
Video chất lượng quá!,2
Hay xuất sắc!,2
Nội dung đáng xem thật sự,2
Video chất lượng quá!,2
Học được nhiều điều bổ ích,2
"Chào mn
Mình đang có 4 triệu không biết nên mua chiếc đt nào.
Mình chỉ dùng những tác vụ cơ bản và cần cam nét để chụp tài liệu.",1
"Cho mình hỏi ở đây có ai sài redmi note 14 lên hyper os2 lâu lâu màn hình cảm ứng kh nhạy, không nhận cảm ứng không ạ",0
Pin tụt cũng khá nhah.nếu dùng trong 1 ngày lướt web xem film hay live j j đó chắc cạn hết.cũng k đc quá 1 ngày,0
"Anh Dương ơi, nhu cầu của em là ưu tiên camera sau đó là chip. Em đang phân vân xiaomi 13 10tr, iphone 13 promax 13tr. Chúc anh nhiều sức khỏe, mong anh rep ạ cảm ơn anh",2
Con xiaomi 14t pro có đáng mua ko,2
"Anh Dương ơi , cho em hỏi máy iphone16promax của em khi chơi game như Minecraft, liên quân thì nóng khinh khủng anh à!, đây là lỗi hay là tính năng của ip anh nhỉ, mong được anh giải đáp",2
giá 7 triệu cho con note 5G không đáng mua tecno canon 40 pro còn ngon nhiều và infixin note 50 pro còn hơn c bạn ôi,0
Do nó mới ra bán hớt cho mấy người nôn nòng chờ sau 4thang sẻ hạ,2
"Anh Dương ơi, em đang dùng con Huawei Mate 40 hàng nội địa TQ. em tải các ứng dụng face, zalo qua APK, máy nội địa vậy có lên dùng áp ngân hàng VN ko anh..? em vào APK tìm có các áp ngân hàng VN mà em ko zám tải về dùng, xin anh và m, n chỉ giáo ạ em cảm ơn",1
Mình mới mua nốt 14 4g nhưng loa lúc to lúc nhỏ là lỗi gì vậy bạn,0
Ong ngồi noi hoi ca 10 csi dt luong,2
Dung co tin những cái dt kháng bui nha .cái nào cũng có bụi cả,0
"7 triệu hơn cho bản redmi note 14 5g là ko đáng, tầm tiền đấy người ta đi mua poco x7 pro rồi😂",0
"Thêm điều vô lý nx nha:Bản 4G có khả năng update lâu hơn (tương lai có 4 bản cập nhật phiên bản Android lớn+6 năm cập nhật bảo mật),trong khi bản 5G thì update ít hơn (trong tương lai chỉ có 2 phiên bản cập nhật Android lên 16+4 năm cập nhật bảo mật)
Trích từ thông tin Xiaomi Android Enterprise Recommended nha",1
a ơi e đang có 20 triệu nên mua iq nào vậy a e chơi game nhiều dùng lâu chúc a mạnh khỏe 😄,2
"Ra chỗ cầm đồ mua đc con oppo find x8 có 3 triêụ rưỡi vì là điện thoại tàu, khi đó cái iphone 12 pro nó vẫn bán lại 9triệu 😂😂😂",2
Oneplus ace 5 với realme neo 7 còn nào đáng mua hơn vậy em chủ yếu chơi game cần màn đẹp loa ok,1
"Lời đầu tiên, em xin gửi lời chào đến anh.
Em có theo dõi nhiều video tư vấn của anh và thấy nội dung rất trực quan, hữu ích nên hôm nay em muốn nhờ anh tư vấn một chút.
Em đang sử dụng POCO X6 5G, hiện tại đang ở HyperOS 1.0. Gần đây có bản cập nhật lên HyperOS 2.0, nhưng em đang khá phân vân không biết có nên nâng cấp không. Em dùng máy cho cả mục đích học tập lẫn chơi game giải trí.
Em có thấy nhiều bạn phản hồi rằng sau khi cập nhật thì máy gặp một số vấn đề như lỗi vặt, sạc chậm, máy nóng, hao pin nhanh... nên em hơi lo ngại.
Mong được anh tư vấn, em cảm ơn!",1
Theo em chắc về giá thui còn lại ok vs note 14 5G có bản 8/256 thui nên cũng khó,1
So sánh camon 40 với camon 40 pro đi chú 🎉,2
Con redmi note 13 pro 5g có ngon không a,2
"A cho e hỏi tầm 7-8tr điện thoại nào dùng ổn định 3-4 năm, dùng phục vụ công việc là chính, ko chơi game, yêu cầu pin tạm ổn, chỉ nghe gọi, lướt tiktok, chụp ảnh báo cáo công việc",1
Mua 1 con note 14 4g.và 1 con poco m7 5g.tổng 8 triệu.... Đúng ngon bổ rẻ,2
Chào anh Dương. Anh cho em xin tư vấn với ạ. Em đang dùng 1 chiếc iphone 11 promax 256gb và 1 chiếc samsung m51. Theo anh thì em có nên bán cả 2 đi để lên samsung s24 ultra không ạ? Em đang muốn dùng 1 máy thôi cho đỡ lích kích ạ,2
"Anh Dương ơi, e đang làm tikttok, điện thoại hiện tại e dùng redmi nít 12 pro quay k nét. E đang phân vân mua s24Ultra hay 14pro max mong a tư vấn. Chúc a cùng ekip và gia đình thật nhiều sức khỏe ạ",2
So sánh redmi note 14 4g với poco m7 pro 5g sẽ hợp lý hơn là redmi 13x,2
hóng chú dương review poco m7 pro 5g ạ 😂,2
Hãng người ta làm gì cũng có lý do hết,2
"a cho e hỏi poco x7 pro và con oppo Reno 13 5G nên mua con nào ạ , e xem a review mấy nay vẩn phân vân giữa 2 con này , mong a tư vấn giùm, chúc a sức khỏe",2
Mình bán một note 14 4g mua từ Tết tới giờ 3m mua tgdd hơn 5triệu.,1
"Anh ơi, em đang có một chiếc Xiaomi 13t hàng chính hãng, bây giờ em cần mua một chiếc máy nào tầm giá 10 triệu(có thể cố thêm chút ạ) mà camera trước và sau của nó nét con Xiaomi 13t này với ạ, em dùng để quay tiktok ạ. Em cảm ơn , chúc anh và gia đình thật nhiều sức khoẻ ạ!",2
Tham khảo tại Clickbuy : https://clickbuy.com.vn/?utm_source=duongde&utm_medium=ytb&utm_campaign=trangchu,1
A so sánh con c75x với c75 đc ko a❤❤❤❤❤❤,2
Anh cho em hỏi c75x vs q3 pro cái nào ngon hơn ổn hơn ạ,2
Điện thoại vivo y19 pro lp 64 có kháng nứoc không,1
"Realme kèo này k có cửa sạc nhanh 33 hay 45 chênh có nhiều nhưng tam giá nay nhanh la dx roi, còn lại realme thua do ca 2 đeu có bh yen tam xai",1
Hay,2
Tầm 4tr đến 5tr thì có chiếc điện thoại nào mà chơi game mượt mà camera xắc nét  không anh mong anh rép cmt em sớm,2
"Realme 14 5G giá hơn 8tr mà, ;; C75x mới có giá đó nha fen 😂😂😂",0
Đang dùng c75x phải nói là như sít.  Được mỗi cái bền pin trâu .,2
"14 màn hình kém lắm màu nhợt nhạt tái tê, khuyên các bạn đừng mua.",0
2025 mà Realme nó xài con chip G81 Ultra về hiệu năng thua con G85 trên máy phụ 12C của t nữa :)).,0
Note 14 coa NFC ko bạn,1
con redmi note 14 4.3m ngang tgdd mà bữa ông chuyên rv trên fb bảo tgdd bán 5.2m mắc trong khi ngta bản 8gb ổng đem so bản 6gb chán =)) không phải kênh này nha,0
"Không cần suy nghĩ nhiều, Remi note 14 thằng tiến, kiểu dáng đẹp hay xấu không quan trọng, cái quan trọng là màng phải đẹp, đã là năm 2025 mà còn cái màng hình HD + thì không thể chấp nhận được, còn về độ bền thì của bền tại người,dùng điện thoại mà cứ để rơi rớt hoài không sớm thì muộn cũng sẽ có ngày hư",0
Redmi note 14 ngon hơn❤,2
2 con này lag bỏ mẹ ra.4 tr thêm 500k mua not13pro 5g hoặc realme q5 pro,0
Hay qúa ông Dương Dế ơi❤️❤️❤️,2
Chọn note 14.Realme chính hãng mất chất rồi,0
Theo mình sẽ chọn độ bền vì đối vs tài chính thấp như mình thì tận 5-6 năm mới thay nên mình rất cần độ bền,2
"mình đang dùng ip11 pro, bản ios 18.4; mình thấy ram thường xuyên sử dụng tới 95% nên thi thoảng khá là giật lag; bác có cách nào khắc phục vấn đề ram không?",0
Cấu hình cao chính là độ bền xài lâu dài ko bị yếu lag,2
Giống mình tinh mua c75 nhưng vì không có nfc lên quay sang mua note14.,1
Mình thích redme note 14,2
"Hơi buồn với chip g81u , ngang redmi14c & tecno spark30c",0
"Redmi Note 14 : https://cellphones.com.vn/dien-thoai-xiaomi-redmi-note-14.html?utm_source=pr&utm_medium=DuongDe&utm_campaign=dien-thoai-xiaomi-redmi-note-14.html_04012025
Tham khảo chương trình Tết tại CellphoneS : https://cellphones.com.vn/qua-tang-tet?utm_source=pr&utm_medium=DuongDe&utm_campaign=qua-tang-tet_26012025",1
Hiện tại mình đang dùng hai con này mình thấy con Xiaomi note 14 4G ngon hơn con Samsung galaxy a16 4g cùng phiên bản 8. 128 . có mỗi phần khi mình sử dụng chia đôi màn hình là con Samsung galaxy a16 mượt hơn,2
ram 4 trên android thì thôi bỏ qua,0
Cảm giác 14 cạnh k vát mỏng như 13,0
"Về mặt lý thuyết thì đúng là đa số Redmi Note 14 4G 😊 nhưng nếu đc lựa chọn, mình vẫn chọn Samsung A16 😆 chấp nhận đánh đổi nhiều thứ để lấy: thương hiệu,  giao diện và hệ điều hành 😎 nhưng mình sẽ mua A16 4G bản 8/128GB độc quyền TGDĐ giá hiện tại T5/2025 là 5tr390k cho phụ huynh 😂 còn nếu mình xài làm máy phụ thì sẽ mua xon M15 5G 6/128 cũng độc quyền tại TGDĐ giá T5/2025 là 4tr990k để lấy pin 6000mAh🔋😁",1
Mình thấy xiaomi 14 đầy đủ phụ kiện ngon ít tốn kém hơn mua a16 nhé m.n😅,2
Tuyệt vời ông mặt trời,2
Redmi note 14 trễ thông báo nhiều ko ạ,0
"Xiaomi k thể so vs samsung về thương hiệu , phần mềm và camera đc xiaomi có thể hơn ở nhìu thứ phần cứng nhưng phần mềm cực kì tệ nhìn apple thì thấy s so vs mấy hãng khác đc dù họ keo kiệt thật đấy samsung đi giống apple nên đừng hơn thua xiaomi dùng cực kì ức chế vs những lỗi k sửa đc cũg k cập nhật phần mềm đc lâu như samsung phụ kiện linh kiện sửa chửa thì samsung giống vs apple đều dễ tìm còn xiaomi thì thui nhé lun 😂😂😂",0
"Mình xài cả 2 dòng này rồi,Xiaomi k có tuổi với sam sung",2
Con redmi not 14 6/128 với a16 8/128 nên mua con nào nhỉ,1
"Mua a16 nhé, chơi game không bị drop fps, có tính năng xoá vật thể AI",2
"Em chào anh, em choà mọi người, mọi người cho em hỏi nên mua redmi note 14 hay cố thêm tí lên samsung a25 5g ạ",2
Cảm ơn bạn duomg nhé,2
"Mới mua 4,990k làm máy phụ, đc cái pin ngon",2
Cảm ơn ak dương,2
Samsung xài màn hình sọc chán phèo. Chất lượng đi xuống,0
Cứ chọn samsung A16ok,2
Redmi note 14 ngon hơn nhiều so với samsung a16,2
Mang Sam sung rat dep,2
"Có đth chs đc r mà mấy ông chê,tệ tht",0
giữa redmi note 14 và ss a25 5g em chuyên chơi game thì chọn cái nào ạ,1
Cảm ơn b,2
áp mã sàn S còn 3tr2,1
"Nói thật mình trải cả hai dòng này 
Redmi sài ban đầu khá ok 
Giật lắc khó chịu vô cùng 
Cho em nó ra đi sớm 😅
Còn sam thì sài khá ổn hơn xíu tuy màn trước dòng A hơi khỏ chịu.
Nói chung Mi rất ngon ,nhưng sài mau chán.sam thì có vẻ như ổ đinh hơn. Màn sam nó khó chịu vì daày qua😅😅😅",0
Trả góp thì sao anh duong,2
Chú so sánh redmi note 14 vs Samsung galaxy M14 đi ạ,2
"thời nào rồi mà còn ram 4, đã vậy rồi còn thiết kế giọt nước nữa",0
"Đơn giản bời vì nó là Samsung, nếu tất cả thông số bằng nhau thì giá sẽ cao hơn rất nhiều.",2
"A16 màn đẹp hơn note 14,phần mềm ngon hơn",2
Sao ở huyện Ba Tri  bán redmi 14ram4 bộ nhớ 256 tới 6t1,1
A xem máy remid not 14 pro 5g và sam sunng 23utra con nào dung ngon.,1
"Mấy hãng TQ ko biết thiết kế cụm camera hay sao á,kể cả dòng flagship, nhìn cụm cam thấy cứ sao sao",0
"Mới mua a16 hôm qua, lý do mà t chọn là vì phần mềm nó ngon hơn :))",2
samfan: 4g ram ss cân 6g ram redmi 🗣🐧,0
"Samsung thua toàn tập. Vì sao?
1. Độ bền điện thoại giờ như nhau
2. Cấu hình thấp, màn hình xấu, giọt nước, viền dày cho cả dong 5 6tr.
3. Giá cao hơn so mặt bằng chung.
4. Loại bỏ nhiều phụ kiện (củ sạc 25w phải mua thêm 400k)
5. Tối ưu tốt phần mềm ko cứu được các điểm yếu trên.",0
Ss giá rẻ nhue cức,0
ok,2
Thế nào mà mình vẫn mua sam.a16 được haa,2
"E định mua điện thoại dùng 4- 5 năm, ít chơi game, có chụp ảnh, giá khoảng 7-8 tr thì nên mua samsung a55 hay poco x7 pro ạ",1
Anh dương và mọi người cho em hỏi giờ sài Note 20utra có lỗi thời ko ạ,2
Con redmi 14 có trễ thông báo và NFC khmn,0
Sài tới ultra 21s rồi,2
"Anh Dương tư vấn giúp em máy tần giá Note 14 này có máy nào toàn diện hơn không ạ? Em có chơi Liên Quân và chơi CupCut, KineMaster nhưng chưa biết máy nào phù hợp. Mong anh tư vấn ạ, em đang sài Realme 9 4G lag lắm, em thích giao diện kiểu Realme và Màn vừa. Chúc anh và gia đình tết nhiều sức khỏe ạ. 
Kiên Sinh (កៀង​ ស៊ីន).",1
Dòng redmi nay đã hết lỗi chưa mn chứ sài redmi note 9s lỗi vặt đủ kiểu hết nhiều lúc cần gấp mà phải khởi động máy lại mới sử dụng được,0
phụ huynh thì xài con nào ạ? e mua cho mẹ,1
14prm 256 lla 20tr với 15prm lla 23tr thì có nên cố lên 15prm k ạ. Xin cảm ơn mọi người,1
"Tầm giá hơn 7 củ mua cho vợ, nhu cầu màn đẹp giải trí, camera đẹp, phân vân giữa Samsung A55 và Oppo reno 13 F con nào ngon hơn vậy ae ơi =))",1
Anh ơi iphone 16 pro max của em vừa mới mua được mấy ngày nhưng em dùng thấy hơi ám vàng. Em có tắt hết night shift với true tone rồi mà vẫn vàng. Lúc bật true tone lên còn trắng hơn lúc tắt true tone. Anh cho em tin tư vấn với ạ,2
"Poco x7 pro vs GT neo 7, chơi liên quân, ưu tiên cam đẹp sạc nhanh con nào ngon hơn vậy anh.
Chúc anh sức khỏe.",1
Lên a16 rồi vẫn làm ram4,1
Có 5G và bộ nhớ 256G thì ngon,1
Hello mn,2
"A Dương nên làm video dài thêm xíu đi ạ , xem có chút hết rồi 🤧",2
"Nếu Samsung Galaxy A16 trang bị màn hình đục lỗ có phải là tốt không nhỉ,không biết là đục lỗ nó có đắt tiền hơn không?Nhưng chắc chắn một điều nếu mà thay vì đục lỗ thì chắc chắn sản phẩm này sẽ đẹp.",2
A so sánh Oppo 13 F với reno redmi note 14 pro pro+ xem máy nào đáng mua hơn e đang phân vân e cảm ơn,2
A16 quá uot trình,2
Redmi note 14 ngonn vãi bữa mới mua celphones ở sg ngày đầu ra đx bên a sales xiaomi cho cái deal giảm tận 1tr,2
Ô ss bị khùng hay sao á. Tự nhiên cắt cái ram xuống còn 4gh,0
"Năm nay con redmi note 14 ổn ghê này,tui nghĩ cx sẽ mua máy này chơi tết,nên ko ae nhỉ",2
"Chào anh Dương , em đang có 7tr và đang định mua con poco x6 bên hoàng hà mobile , không biết trong tầm giá này còn sự lựa chọn nào tốt hơn không? Em là sinh viên chỉ dùng cơ bản , chơi game thông thường và đặc biệt phải là hàng chính hãng ạ. Cảm ơn anh đã tư vấn! Chúc anh và gia đình luôn mạnh khỏe!!!",1
Nên mua trên shopee thấy clikbuy để 3tr7,1
"Nhớ hồi lâu so với note 13 giờ lại phải so với note 14, tội sung sung :)))",2
"mn ơi , ko biết redmi note 14 có không gian thứ 2 như redmi note 13 ko ạ",2
Ss dùng hay đơ chán luôn,0
Về giá cả tầm thấp và trung chính hãng Xiaomi vẫn là bá,2
Gần 6tr mà vẫn còn giọt nước dày thế kia thì hết cứu,2
Test game note 14 đi a,2
"Như thế thì Sài máy nào cho an toàn , đỡ giật lác & thực dụng hơn vậy bạn dương? Ơi 🤔🤔🤔",1
VD chờ đợi 😂,2
note 14 với not 14 pro 5G(hàng xách tay giá 6tr7) mình có nên mua hàng sách tay ko bạn?,1
"hi anh Dương nhé
anh ơi trong các máy :
meizu mblu 21 (6/128gb)
zte libero IV 5G 
Tecno spark go 1
infinix hot 40i
vivo iqoo z9x 5g
thì con nào đáp ứng nhu cầu trải nghiệm ổn định và lâu dài phù hợp với nhu cầu học sinh sinh viên nhất ?",1
"Em chào anh! em nhờ anh tư vấn giúp em việc này với ạ!
Em đang sử dụng con Iphone 12 pin còn 76% và có khoản 12 triệu em muốn đổi điện thoại!
giờ em nên thay pin con Iphone 12 và đem số tiền còn lại mua 1 máy khác hay em nên bán con Iphone 12 để mua máy tốt hơn giá cao hơn ạ?
nếu bán thì em nên mua máy nào (cần có thông báo ổn chút, pin trâu, sạc nhanh, màn hình lớn chút)
còn nếu thay pin thì số tiền còn lại em nên mua máy nào là ổn nhất(màn hình lớn, pin trâu, sạc nhanh, không quan trọng thông báo)
câu hỏi hơi dài tí mong anh tư vấn giúp em ạ !
cảm ơn anh, chúc anh và gia đình cùng ekip có nhiều sức khỏe
chúc kênh phát triển hơn !",1
"cho em hỏi oppo reno 13 F 5G (8-256G) 
Mua cho mẹ em sử dụng cơ bản ( nghe điện .coi Facebook Youtube tác dụng bình thường thỉnh thoảng chụp hình - sử dụng chắc nào lag mới thay cái mới ) 
Anh thấy ok không anh hoặc trong tầm giá đó thì còn mẫu nào ok nữa ạ ah tư vấn giúp em ạ ( chúc ah tết vui vẻ)",1
Va tet hôt ae con chơ gi nưa😂😂😊,2
Mới đổi qua note 13 gần 1 tháng thì thấy nó bắt wifi yếu hơn ip11 vs con note 9s đã hư l. Load YT lên đk cái khung video rồi một hồi mới lên đầy đủ. K còn coi đk 4k trên YT đk nữa,0
"Cậu em cho con iphone X để đổi với con ss A51 của e thì có nên đổi ko a ,  Cảm ơn anh và chúc anh nhiều sức khỏe",2
Anh Dương ơi qua Tết trong tháng 2 thì điện thoại nào chơi game ngon nhất tầm giá 3tr-3tr7 vậy ạ mong anh tư vấn,2
Đã có tiếng việt chưa,2
"Thật ra mình đưa cha mẹ mình đi mua máy, cha mẹ mình chỉ chọn samsung mặc dù mình đã nói rõ thông số của redmi note 13 hơn rất nhiều thứ 😢",0
"Sam sung giá rẻ toàn cùi bắp , bán thì mắc",0
Redmi chậm thông báo không ae???,2
Trung Quốc sắp sụp đổ hàng Trung Quốc ai mua,0
"Chào anh và mọi người, hiện giờ e muốn tìm điện thoại có thể làm máy chính với chơi game liên quân với xài lâu dài 4 5 năm, tài chính tầm 10tr đổ lại. Em đang phân vân giữa con mi13 xách tay up rom hay poco x7 pro ạ. Anh hay mọi người có gợi ý con nào không ạ?",1
Mua SS giá rẻ là thiếu kiến thức :)),2
Samsung hắn tốn mấy chục năm gầy dựng nên 2 chữ SAMSUNG để các bác so sánh như vầy đây haha,2
Samsung ảo tưởng 😂😂😂 sam nô lệ vào cắn tao đi r nam mô thg phật tổ xạo Iồn cứu 😂😂😂😂,0
Ko bao giờ mua ss 🙂,2
Xiaomi xài khoảng độ 1 năm loa sẽ bị rè Chán,0
Làm nốt quả video Redmi note 14Pro 5G với Oppo Reno 13F đi anh😂 kèo căng đét,2
Anh dương có thể giải thích lý do vì sao mà năm nào apple cũng phải khai tử dòng pro và pro max đi vậy anh . Việc khai tử như vậy có ý nghĩa gì với apple . Em xin cảm ơn anh đã giải thích ❤,2
"Có nên mua A55 8/256 với giá 9.090k kg M.N hay còn lựa chọn nào NGON hơn kg,,KG CHƠI GEAM,XÀI CƠ BẢN,NGHE GỌI,ZALO,FB ,TIKTOK ,XEM DU TÚT,lâu lâu CHỤP BÓNG phát",1
Giờ em muốn mua điện thoại mà hỗ trợ cả 5g với nfc thì có con nào rẻ với phù hợp không anh,2
Anh thử làm 1 video so sánh điện thoại tầm thấp bây giờ với tầm trung vài năm trước đi ạ. Chúc anh nhiều sức khỏe,2
"Anh ơi cho em hỏi ạ
Với tài chính từ 10tr trở xuống, nhu cầu của e chỉ có chơi lq cùng mấy game nhẹ khác là chính, hay sử dụng để đi chạy bộ nên ưu tiên máy ko quá bự và quan trọng là dùng bền và ổn định ko bị lạc hậu hệ điều hành trong ít nhất 3 năm tới ạ
Mong anh và ae viewer tư vấn giúp em ạ. Em cảm ơn ❤",2
"Có điện thoại nào chip khỏe, màn ngon, pin hơn 5000mah, sạc nhanh, chụp hình ổn không ạ",1
Turbo 4 có 4tr5,0
Chip MTK là ko thích rồi,0
Đã mua đợt săn sale hồi tháng 5 còn 6tr357k cho poco x7 pro 8g256g,2
"Tầm giá 7tr5 thì có máy nào ngon ko nhu cầu là chs game tầm trung cần cam siêu đẹp màng đẹp sạc nhanh cam trước có 4k chính hãng 
Em mua chs tết mong anh tư vấn cảm ơn anh",2
"Tôi lớn tuổi rồi chỉ có 5tr để mua DT. Tôi thích nghe nhạc, chụp hình ảnh  màu đẹp màn hình sáng trong, Pin trâu, nghe gọi tốt. Rất mong bạn chỉ cho tôi nên mua DT gì và của hãng nào uy tín, chất lượng. Chân thành cảm ơn bạn rất rất nhiều 🎉",2
Mua shopee giá 5tr940k hàng mới về chiều nay lun 😂😂😂bản 8/256. Phê,2
Xiaomi 15T Pro 5G hiện tại hơn 18tr em đợi lần nào giảm giá xuống tầm 15tr 14tr,2
Em muốn mua máy từ 7-8m . yêu cầu chip mạnh để chiến game không cần camera đẹp . giới thiệu em với ạ,1
Meizu note 16 pro,2
"Có con nào k quá 5tr chơi đc honkai star rail tầm trung, vuốt mượt k cần camera đẹp nhưng phải chính hãng k ạ",1
Poco x7 pro 5g có tiếng việt ko mn,2
hmm,2
Qua đặt poco x7 pr 5tr699,2
Cs con dt nào 5tr dùng để chụp ảnh dc ko a,2
Em đang xem vd của a bằng con poco x7pro 🎉,2
Em đang xem vd của a bằng con poco x7pro 🎉,2
em có khoảng 6tr thì có con nào camera ngon nhất ae. Cũ cũng được ạ,1
"Anh ơi em đang có tầm hơn 3 củ nhu cầu chơi game tầm trung (ff,lq,cod,thỉnh thoảng chơi ark) lướt face,tik tok,shoppe và nghe gọi ok thì nên chọn máy nào ngon nhất anh.Em đang có ý định mua con iqoo z10x lựa chọn tốt nhất chưa anh và xin anh chỉ thêm mua lúc nào là giá con đấy tốt nhất ạ❤❤ mong anh xem bl của em 😊",2
Em muốn hỏi a đánh giá máy nào tầm giá dưới 6tr chơi game ngon và lướt web chụp ảnh ổn ạ,2
like 👍,2
"redmi tb 4pro <5 đồng, Mi 15 < 10 đồng =))",2
Hôm nay xem vẫn 7tr3,2
POCO X7 pro 5G đến 2/2 có giảm mạnh không các bác. Em hiện tại chưa đủ tiền chờ sát tết chắc đủ❤,1
Có nên mua redmi turbo 4 pro ko ah,1
"Helo ah Hùg
Chúc ah thành côg hơn và kêh ngày càg phát triển hơn
Ah cho e nhận xét con oppo a5i pro có oke ko nhu cầu e cx ko cao chỉ dùg bình thườg",2
Bán ở đâu ạ. Mình ở Hải Phòng muốn mua 1c,1
Sản phẩm này bán ở đâu ạ ❤,2
Xài hãng Xiaomi máy cài quảng sẳn trong  máy khó chị u lắm.,0
kh có nfc quãi thạt,0
.,2
.,2
Ngoài ip và samsung thì mua máy nào chính hãng tốt nhất b nhỉ,2
Thế này ko cả bằng techno pova 7 a,0
bạn dương dê cho mình hỏi dt nào pin trâu màn sáng để chạy app công nghệ,2
Nhìn con này màn hình giầy quá và rất xấu ko lên mua cùng tầm giá thì có rất nhiều điện thoại rất đẹp còn bin 5000 thôi là đuoc tồi quan trọng hình thức nó phải đẹp chút trứ như máy này nhìn cổ quá,0
sốppi bán con redmi 15 3tr4,2
"Anh Dương tư vấn cho em một chiếc Ipad với ạ.
Nhu cầu:
     - Học tập ghi chép bài trên Đại Học
     - Làm việc vẽ sơ đồ các kiểu, lưu trữ khá nhiều bộ nhớ 256 là đủ
     - Chơi game nặng như genshin max đồ họa và fps
     - Hiệu năng và các tính năng đáp ứng lâu dài, em cần 1 chiếc dùng lâu dài 
Tài chính dưới 20 triệu tiết kiệm được bao nhiêu càng tốt, em đang nghĩ là Gen 11, Air M3 và Pro M1
1. Với nhu cầu đó tư vấn cho em một chiếc Ipad đáp ứng tốt nhu cầu ?
2. Cho em một con Ipad có p/p tốt nhất ?
3. Tết em mới mua hoặc có thể qua Tết , tầm đó có ra Ipad mới gì ngon hơn không ?
Tư vấn cho em nhé, cảm ơn anh rất nhiều, chúc gia đình anh sức khỏe",1
có con máy nào từ 4triệu đổ xg có hỗ trợ 5g k ạ.máy cũ cũng được,1
7000... Sạc 33w hơi chậm,1
Tecno pova 7 ngon hơn con này ko anh,2
"Redmi note 10 pro đang cmt, từ covid đến giờ mới có hiện tượng hao pin nhanh.",0
"Khoảng 3 hoặc 3triệu5 thì nên dùng máy nào nhỉ mn, ko qtâm chính hãng hay flagship",1
"Nếu con này dùng Helio G99 thì quá ngon trong tầm giá.nhưng chip Snap 685 nó quá tồi tệ,yếu đến mức gây ức chế luôn.",0
Hơn mỗ8 cục sạc dự phòng,2
Adr dưới 5tr dùng đc năm đầu năm 2 bao lag,0
"Em muốn mua môt chiếc ,anh cho giới thiệu em với,em làm shipơ cần pin trâu.",1
Con này so với Oppo K12S có bằng không a nhỉ?,2
Dùng 6 năm nhu cầu chơi Game nặng xem phim lướt mxh ít chụp ảnh thích màn hình to và đẹp thì oppo find x9 hợp lí chưa anh nhỉ. Chúc anh nhiều sức khoẻ,2
Anh Dương ơi em đang cần 1 chiếc máy nhỏ gọn để phát 4g cho máy có tính di động em tính mua 1 chiếc điện thoại nhỏ gọn với 1 mục đích duy nhất là phát 4g thôi anh biết chiếc điện thoại nào như vậy hay cục phát 4g di động nào có pin tư vấn cho em với ạ.,1
Mua redmi 15 ngon hơn a16 gấp 1000 lần,2
mình thấy dienthoaihay đang bán meizu lucky 08 giá tầm 4tr chênh lệch rất nhiều với các cửa hàng khác. đang muốn mua để làm máy phụ mà phân vân quá,1
Muốn pin 7k phụ kiện đầy đủ chip mạnh hơn thì mua mẹe noa con pova 7 ngon hơn,0
"Dương ơi cho mình hour Xiaomi mi 10s và sony 1 mark 2 con nào ngon? Cản ơn Dương, chúc cậu nhiều sức khỏe.",2
Mua như thế nào anh DUONG RE MI,2
sạc 33w úi ồi ôi,2
"Người già cần máy to vừa phải, trọng lượng vừa phải thôi. Mắt mờ tay run cầm máy to lại càng khổ",0
4tr còn note 14 nữa đang dùng ne,2
"Chào admin ạ. Em đang cần tìm mua đt để làm máy chính, kinh phí của em khoảng 14-15 triệu. Em dùng cho các tác vụ học tập, quay chụp và edit video, ảnh ạ. Mong admin tư vấn giúp. Em cảm ơn ạ.",1
"Đừng mua samsung. Sọc.chậm. 0:52 bung keo, hiệu năng kém. Giá đắt",0
Thê mà me tôi bao thay màn hinh s22 untra 5 tr .thà mua  con này,2
Nhìn như Samsung,0
ngon,2
"Samsung hút máu người dùng ... Bán củ sạc riêng,,, hiện tại dùng điện thoại các hãng Trung Quốc mình thấy ngon hơn gấp bội",0
Chú Dương ơi giữa Oppo find x8 hàng nội địa và chính hãng thì con nào thông báo tốt hơn.,2
"Redmi note 14 pro em định mua sài tầm 4 năm được không ạ, em chỉ xem Facebook với Zalo thôi ạ.",1
máy này bin ngon à,2
Con này với sony xperia 5 mark 4 thì lấy con nào ae,1
Anh ơi em thắc mắc là mình cắm cục sạc 24/7 vào ổ điện khi nào cần dùng thì chỉ cắm sạc thôi có tốt không ạ. Hay mình sạc xong thì rút cục sạc ra khỏi ổ điện chỉ khi cần sạc mới cắm điện thôi ạ. Mong anh giải đáp và chúc gia đình anh sức khỏe ạ,2
Giống realme c85 Pro nhỉ ???,2
Chơi gane onl thì con dt nào mượt nhất tầm 4-5tr vậy bác,1
Hóng anh mở hộp redmi 15C 😅🎉,2
Mình đang dùng mi10s. Nghe gọi mxh pin vẫn ổn. Mình muốn mua thêm 1 máy để chụp hình quay phim mỗi khi gia đình đi chơi. Tầm giá loanh quoanh 10tr có máy nào không. Mình cảm ơn,1
"Chào a Dương, a có thể đánh giá s24 fe khoảng 9tr thời điểm hiện tại đc ko ạ. Em mua cho phụ huynh ko chơi game",1
Tham khảo tại Điện Thoại Hay : https://dienthoaihay.vn/xiaomi/xiaomi-redmi-k90-p995.html,1
Tiếp theo là k100 hả mn,2
Bạn ơi cho mình hỏi nếu k quan tâm đến giá thì K90 thường với K80 Ultral thì lựa chọn e nào hơn về tổng thể.Nhờ b tư vấn giúp,1
Con này có tính năng ghi âm cuộc gọi không vậy a,2
Anh con này với con remid 14pro 5g con nào đáng mua a,2
nghe quả xao bai bâu mà phì cười 😂,2
Nhìn giống k70 vãi! Cải tiến ghê dữ,2
Mình đang dùng realme gt7 pro. Có nên chuyển sang k90 ko nhỉ,1
"Con này mua về có google play luôn hông anh, hay phải cài thêm google play. Rồi mấy app gmail hệ sinh thái google vào được hong anh",1
con này bảo hành đc ở xiaomi vn ko nhỉ,1
"camera comparison please with :
Realmi gt8
One plus 15
Xaiomi 15T pro
IQOO 15",0
Có chậm thông báo ko nhỉ,1
♥️,2
"hơn cái loa, chứ nhìn cụm cam của k90 vẫn đẹp hơn",1
mình bỏ vivo xiaomi thấy sướng quá,2
Có bị chậm thông báo không nhỉ,1
"Có ai đang dùng oppo find X9 Pro xách tay không. Cho mình hỏi,Có bị chậm hay lỗi thông báo zalo, messenger, gmaill không. Đây là 3 cái mình hay dùng nhất",2
Xiaomi 15T ra chuồng gà,0
Nó có dex mode ko anh,1
"K hiểu sao xiaomi k cho dòng này ra QT luôn, kiểu như dòng độc quyền z 😅",2
"Xiao full sạc+ốp lưng, quá tuyệt vời .",2
"Anh Dương tư vấn cho em một chiếc Ipad với ạ.
Nhu cầu:
     - Học tập ghi chép bài trên Đại Học
     - Làm việc vẽ sơ đồ các kiểu, lưu trữ khá nhiều bộ nhớ 256 là đủ
     - Chơi game nặng như genshin max đồ họa và fps
     - Hiệu năng và các tính năng đáp ứng lâu dài, em cần 1 chiếc dùng lâu dài 
Tài chính dưới 20 triệu tiết kiệm được bao nhiêu càng tốt, em đang nghĩ là Gen 11, Air M3 và Pro M1
1. Với nhu cầu đó tư vấn cho em một chiếc Ipad đáp ứng tốt nhu cầu ?
2. Cho em một con Ipad có p/p tốt nhất ?
3. Tết em mới mua hoặc có thể qua Tết , tầm đó có ra Ipad mới gì ngon hơn không ?
Tư vấn cho em nhé, cảm ơn anh rất nhiều, chúc gia đình anh sức khỏe",1
"Nói thẳng là mấy con nội địa chơi game cực sướng. nếu chỉ xài ko dùng nt chat với ai thì ok. Còn bệnh chậm thông báo tưởng là sẽ vẫn ok nhưng xài cực khó chịu. chớ dại gì mua mấy con này. Trước cũng làm con K70 bán lỗ vì Zalo, mess, tele ko thông báo. làm đủ cách. Chịu",0
"1:50 ""tính ra là iphone ăn cắp chứ có phải xiaomi ăn cắp đâu"" 🤣🤣",2
bữa em mua con 15T mà giờ Xiaomi ra con này em đau lòng quá.. giá y chang,0
"Chào bạn. Chúc bạn cùng ekip chương trình và già đình nhiều sức khỏe, thành công rực rỡ trong công việc. Mình là 1 lái xe tải đường dài muốn mua 1 chiếc đt tầm giá 15tr,mình chủ yếu xem fb, YouTube, zalo, quay video và chụp ảnh trong công việc(chụp văn bản và quay xe ô tô thôi) mong bạn tư vấn cho mình nên mua đt nào. Hãng nào, máy cũ mới đều đc.. Tốt nhất trong tầm tiền đó. Rất tin vào lời khuyên của bạn.",2
Anh Dương làm so sánh k90 với k80 pro đi,2
cho mình hỏi là tương lai xiaomi có bán chính hãng ở VN ko ? hay bán lấy thương hiệu là dòng nào ạ,1
"Trước kia mình cũng từng là 1 fan của Xiaomi,nhưng sau khi chuyển qua ViVo thì mình đã thay đổi suy nghĩ,hđh ViVo tùy biến rất đã,Xiaomi từ khi lên HPOS thì thôi thua",0
có bị chậm thông báo k a,2
"Nếu mà tầm giá dưới 10tr đấy thì khó cho k90 rồi
Dòng redmi K thì thiên về game nhiều, mà đa số ae sẽ lựa màn to để tryhad .Tầm giá đó ae bú K80u màn 6.8 ( dimen 9400+ tuy kém hơn snap ,mà k nhiều lắm vs giá rẻ hơn tận 1tr) mà loa không khác gì K90 cả, không thì thêm dòng iqoo z10tb pro + (ae săn sale còn rẻ hơn nữa 5tr5 , rẻ hơn cả 1/2 giá K90
Còn ae bảo thích thiết kế K90 thì K70pro vẫn y xì .Vẫn rẻ hơn 3-4tr chip vẫn mạnh như trâu.
Nói chung dòng K90 này khó lòng cho ae chọn lắm",0
A review honor magic8 đi,1
Ad so sánh k80untra với loa k90 thì cái nào hay hơn,2
Nếu chính hãng chắc lại 13 14 tr,2
gắn mác âm thanh bose lên coi nó lại kiện cho 😅,0
ồ hàng xách tay kiểu này nếu hư hỏng là vứt. chứ sửa chữa khó khăn lắm bỏ số tiề to mà rủi ro cao nữa thì xác định quay xe chứ đâu phải ngon bỏ và rẻ là đã tốt.,0
K90 or neo 11 or ace 6?,1
Loa k90 vs k80u thì loa nào hay hơn ae,1
Anh làm về video thực tế k80 uprom vượt quyền. Sử dụng thực tế ah,2
Em thắc mắc là hiện tại k80 pro có đáng mua ko vì nâng cấp camera và loa chip trên k90 pro em ko quá quan trọng thì mua k80 pro rẻ hơn với sạc tốt hơn có đáng k ạ,1
Hàng chính hãng hay xách tay ạ,2
có bị chậm tbao ko ạ,1
"Dạ con chào chú Dương, chú cho con hỏi, con đang đợi khi nào có lương sẽ mua cho cha của con 1 chiếc điện thoại tầm 2-3tr (chính hãng) vì cha con chỉ sử dụng để liên lạc, nghe nhạc, xem Youtube, tiktok thôi ạ, mong chú tư vấn. Con chúc chú và gia đình nhiều sức khỏe ạ.",1
vô đối nếu mua offline,2
"Ngon hơn thì làm đc gì . 1 năm sau thì android ko ai nhắc tới

3 4 năm sau ngta vẫn nhắc tới iPhone 14 15",0
Nghe đâu iPhone 16e lock vn/a Viettel giá 12 củ kìa các bạn 😂😂,2
Nên đợi mua s26 ultra hay mua xiaomi 17 pro max con nào ngon hơn bác ơi,2
t sài xiaomi note 12 4 năm rồi còn chưa hư đây 😂. đợi hư rồi quất luôn,2
em có 10-15 triệu nên mua con nào để chơi game ạ k quan trọng cam chỉ cần pin trâu sạc nhanh cấu hình ưu tiên cellphones hoặc TGDĐ hoặc cái nào cũng được,1
Tầm này con xiaomi 15t pro là ngon hơn ip rồi,2
IP ko hạ giá chắc tương lai như Nokia thôi,0
em đang sử dụng iphone 15 pro max mà giờ muốn lên đời thì nên lên iphone 17 new hay 16 pro max ạ,2
"Em mua 15t pro 12,6 tr, chưa kể shopee hoàn cho 200 xu. Quan trọng nhất là em thích androi hơn ip.",2
Mua like đưa máy củ há mồm😂😂,2
"15T Pro lại ế quá nên booking QC nữa ah, mua onl có 13-14tr thôi 12-512",0
Mua ở shopper có yên tân không anh,1
Android hồi xưa con giờ sắp thành bố 😊,2
Vài năm nữa thôi.android top 1,2
T mua ip16e,2
15T pro hay k90 promax nhỉ đang phân vân,1
Giá này ở xa quá,1
15tr mua xiaomi 15T pro là chuẩn bài rồi. hơn về mọi mặt chỉ thua ai phân mỗi cái logo,2
Chong hai con xeomi 15t và sam sung s25f bằng tiền thì nên chọn con nào 15t bin cao hơn,1
anh tư vấn ip 16e  lock viettell đi anh,2
"2016 tới nơi rồi mà pin 5k5 là thấy tuột muốt liền đã vậy van tay con thấp nữa chứ, thề đt này 8tr cũng chả muốn mua chứ đừng nói",0
"Chào a Dương, em đang dùng iphone 11, E muốn đổi lên 16plus hoặc 1 dòng android (tuy nhiên nếu chuyển thì muốn mức giá thấp hơn 16plus). Nhu cầu on 4-5 tiếng, nhiều tin zalo, kết hợp giải trí fb, youtube, game nhẹ, sử dụng lâu dài. A tư vấn giúp",1
"Sắp 2026 rồi mua iphone 16e làm gì, có 1 camera người khác nhìn vào mỉa mai, iphone là phải xài 3 mắt.",0
"Chúc a và gia đình sức khoẻ ạ,cho e hỏi trong tầm giá 10tr có con nào pin trâu,chip ổn không vì e lướt mạng XH và thi thoảng chơi game lq,dùng lâu dài ạ,em cảm ơn",2
Sao a không nói về iphone 16e bên viettel bán giá 12.5 triệu đi ..,2
Bác ko gửi link shope giảm giá cho ae mua sao đc😊,0
Nhu tui thi chắc chắn chon 16e vi thương hiệu bao mat do bền ko cham thong báo,2
Dưới 20 tr mua android cho lành tính năng vẫn vậy.,0
15t pro màn có LTPO ko ae,1
"mạnh, nhưng k bằng ip🐧🐧🐧",2
"Đang xài Redmi note 13 pro 6,990k đã xài 2 năm vẫn ngon lành cành đào! 67 w sạc- chụp ảnh 200 mpx! Pin 5000",2
Phí tiền,0
Giá cao đi đâu người ta cũng nói hàng tàu chê bay thà mua samsung hay motorola thương hiệu,0
"Ăn chắc mặc bền, đang chờ Black Friday xem có giảm thêm không để mua em 16e.😊",2
Tôi mua Xiaomi 15t pro lúc nó mới ra gần 19trieu tiếc quá,0
"Hôm 11/11 vừa rồi tôi mua Xiaomi 15T Pro 12Gb/512Gb chỉ với giá 12.850.000 ( vì được Voucher giảm giá 18% và khi thanh toán lại được Hoàn Xu 4% là hơn 200.000 nữa… Cảm giác rất vui, rất thích và xen lẫn hồi hộp khi lần đầu tiên mua Online với số tiền khá lớn (khá lớn so với Tôi nhé)...Trải nghiệm được vài ngày nay rất thích các Bác ạ !",2
"Em chào a Dương , lâu r k thấy a giới thiệu laptop . Nay e đang có nhu cầu mua latop để làm việc . Cấu hình mạnh mẽ trong tầm giá 15tr có thể cố thêm 1 ít ạ. E cảm ơn chúc a ngày mới vui vẻ",2
Đợt ip15 xuống còn 14tr rẻ hơn ip 16e 1tr mua mới tinh công nhận ngon. Giờ mấy con kia lên giá ảo quá,0
Máy tq chỉ dc cái cấu hình chứ xài nhanh chán,0
Anh làm video để so sánh OS của IOS với các OS khác đi,2
ifan vào tấp ông Dương dê đấy😂,0
bay vô mua liền :))),2
Bác đăng ký cháu chưa,1
Tầm giá 4-5tr có nên mua motorola g35 5g sử dụng không anh hay có máy nào tầm phân khúc 4-5tr dùng ngon không ạ,1
Ip16e có 12 tr à,2
1,2
Bình luận đầu tiên 😂😂😂,2
"🧡 Sắm iPhone, iPad, Samsung & Xiaomi MỚI chính hãng GIÁ TỐT tại #OneWay nè anh em: https://onewaymobile.vn/

🖤 Black Friday (21/11 - 30/11/2025) : https://onewaymobile.vn/sieu-sale-black-friday
🏅 Mua iPhone - Trả Góp 0% Lãi Suất (đến hết 31/12) : https://onewaymobile.vn/tin-moi/mua-iphone-tra-gop-0-lai-suat

🔥 Thu cũ đổi mới : https://onewaymobile.vn/khuyen-mai/thu-cu-doi-moi-nhap-lai-100-gia-tri-san-pham-tai-oneway

💻 Sắm MacBook chính hãng GIÁ TỐT: https://onewaymobile.vn/landing-page-apple-macbook

✅ ỐP LƯNG CHÍNH HÃNG GIẢM SỐC 75% : https://onewaymobile.vn/op-lung
⚡KHUYẾN MÃI MỚI NHẤT : https://onewaymobile.vn/danh-sach-khuyen-mai

_🎁 ƯU ĐÃI GIẢM GIÁ ĐẶC BIỆT CHO FAN TONY PHÙNG_
- Khách hàng mua hàng tại Oneway sử dụng mã CODE giảm giá Tony Phùng được giảm đến 200K/SP",2
😅 như tôi cứ quất Samsung cầm máy rất là sang,2
Có ae nào quay video trên S25u mà nó k lấy sáng auto k nhỉ? Mình đang dính lỗi này mà chưa làm thế nào xử lý,1
Đang xem bang Samsung a05s,1
Đang dùng s25u nhưng bảo hành thì khổ vcl. Đang định đổi Find X9 dùng thử xem điện thoại TQ ntn rồi,0
"Độ hoàn thiện của máy samsung rất coi thường người dùng, mà màn hình lại hay sọc nữa,samsung giờ nhiều tiền mới giám mua,hết bảo hành thì để phòng tiền còn đi sửa",0
Khi nào cái loa với mic của Oppo mà hơn Samsung nhỉ,0
kèo này so s25ultra với find x9 mới đúng tại ngang giá,0
ai xài s25 ultra thấy màn hơi ngả vàng và loa không được trong không,0
DÙng S25U giờ là ngon nhất thế giới Androi ngoài việc bị lỗi chụp ngược sáng ra chất ảnh ngon hơn iphone 16 pro và 17 pro. So sánh khập khiễng quá X9 dùng AI chỉnh sửa quá đà không thật như SS IP,2
oppo khoe sự sịn sò trước mắt nhưng độ bền thì chưa dám nói lên điều gì luôn,2
ok,2
25 u bị thừa cây bút quá,2
Trước đây tôi cực thích thiết kế của ip vì cái tỉ lệ giờ các hãng tq cũng tỉ lệ 19.5:9 có nhiều lựa chọn,2
"So sánh làm cc gì mấy hãng tàu, thông số đẹp mà sao đến lúc vuốt cứ bị khựng khựng
Nó mà được ngon như Huawei thì Mẽo nó đã nghĩ cách vả vỡ mồm, nó để yên cho làm tức là chả có vẹo gì",0
Trước giờ vẫn dùng ip thôi 😊,2
từ khi dùng color OS thì mấy cái hệ điều hành khác bye luôn . mấy ông ss được 3 ngày sọc màn . dùng đt mà cứ phải lo sợ thì thôi 😅,0
So x9pro vs x300pro đi a,2
"Cho hỏi xem netflix trên 2 con máy này thì con nào đẹp hơn, sáng hơn ạ",2
"Năm nay nhảy wa nhảy lại mấy con tàu, giờ vẫn chọn s25u làm máy chính mấy tháng nay.",1
sao cái nền trắng của ss con nào cũng vàng khè vậy,0
"Tầm fls như s25u hay x9pro thì có chọn con nào cũng thừa để dùng rồi, tầm này nên xét về giá chứ up cái tấm ảnh lên fb hay zalo méo ai nhận ra được độ nét giữa 2 máy đâu, trừ khi cầm 2 tấm ảnh từ 2 con để canh nhau, nhưng nó cũng chẳng quan trọng, tầm này nói về giá thì rõ ràng s25u ăn đứt rồi, đến 80% người dùng méo dùng hết hiệu nặng của máy, dùng hằng ngày rõ ràng s25u nó làm tốt hơn rất nhiều so với x9pro",0
"Kèo này x9 pro win rồi 
Phải S26 ultra so mới ok",2
"Cái không gian tinh thần hay đó chứ 
Giống kiểu ghi chú nhanh đủ thể loại  vậy",2
"tôi chọn 25ult, dùng sướng vcl",2
Nhiều người cứ hay thắc mắc là tại sao SS không nâng dung lượng pin thì chắc các bác vẫn nhớ vụ cháy pin Note 7 năm nào? Đồng ý là có silicon cacbon nhưng chắc phải sau S26 Series thì may ra là thay đổi,0
"Dm cay ở chỗ flagship tàu cam tàu ngầm siêu bự của tụi nó là cảm biến Samsung sản xuất HP5, HP9, HPB, mà Sam méo trang bị trên flagship của minh.",0
"Mình đang ở Trung Quốc du học, mình muốn mua máy mạnh về camera, hệ điều hành tối ưu tốt, hình ảnh đẹp, game nhẹ . Cho mình hỏi tầm giá loanh quanh 15tr thì mua con nào ạ",1
Quay video oppo ko có cửa nha..đừng nghe ông này nói 😊,2
"Tui vẫn sài S25Ultra đây,cư mà tức tiết mỗi cái là con này nó ko có bluetooth trên cây bút sp.....thế mới bực chứ😅...trừ cái đó ra thì tất cả sài quá ổn,phải nói là ngon nếu kg bị mất bluetooth trên cây bút",2
"Sao cảm giác s25ul nút nguồn hành trình bấm và tiếng clicky không bằng 2 nút âm lượng phải không mọi người, hay mỗi mình bị",1
nhìn xịn hơn ip,2
Chờ s26 ultra pin 6500mah sẽ mua Sài Tết này,2
Tôi chọn Samsung,2
*_Vẫn dùng S25 Ultra_*,2
"Mới bán S25 ultra dùng hồi tháng 2  mua oppo find x9 nói chung ngon cũng k hối hận lắm , nhanh mượt , cam ổn",2
"Samsung :
- Làm việc 80%
- Giải trí : 20%
Oppo
- Làm việc : 30%
- Giải trí : 70%",2
Mua OPPO Find X9 và Find X9 Pro chính hãng: https://www.thegioididong.com/dtdd/oppo-find-x9-16gb-512gb?utm_source=youtube&utm_medium=vvs-binhluan-ytvvs&utm_campaign=media-VVS-251029191033743&utm_content=media-VVS-camnhanveoppofindx9v-251029191033743,1
Bỏ chữ H ở đèn flash trên oppo find x9 thì mua luôn😢,2
Loa con x9 nghe đã tốt hơn x8 chưa mn. Đợt ra X8 mua trải nghiệm mà thất vọng duy nhất về loa,0
"Dòng OPPO series 9 rất xuất sắc, mọi option đều hoàn hảo  và cụm camera nhìn rất hay và gọn gàng",2
tính năng AI so với xiaomi thì sao nhỉ,1
Xách tay có hiện nổi bong bóng chát k nhỉ,1
"Cách để ẩn tên ứng dụng trên oppo ColorOS mới là: Cài đặt -> Màn hình khoá, màn hình chính và kiểu -> Cài đặt màn hình chính -> Bố cục Màn hình chính -> Ẩn tên biểu tượng",2
Rung với loa ko biết thế nào? Chứ fine x8 cùi vcđ,0
Hàng xt rẻ hơn nhiều không ae,2
Mik ngoài TGDĐ find x 9 256 .22990 sao thấy bán 18500 nhỉ,1
x9 với x9pro chỉnh khác pin với màn hình nhỏ hơn thôi hả mọi người,1
Mình thì lại thích cụm cam vuông này hơn ❤,2
Màn hình còn bị chóng mặt k ad?,1
"Nhìn n giống dòng reno, cảm nhận riêng thấy còn k đẹp bằng dòng 8,8p,8u.  Mà chip dimen là đã k thích r. Snap thì ok",0
Nhìn cứ thấy phèn như mấy con 4-5tr. Chưa nói đến từ cái tên oppo đã nhái nghe giống apple,0
"Chúng nó bắn tên lửa như bắn pháo hoa Tết, đùng đùng. ��",0
Màu đen đẹp hơn,2
"thiết kế này quá đẹp, theo hướng thiết kế ổn định như ss hay ip, khá hay",2
"Mình cũng mới vừa mới mua X9 pro, mình kg care về thương hiệu, mình thích chụp ảnh, máy nào chụp đẹp thì mình mua thôi",1
"Cam quá xấu, chưa tạo được thị trường và giá trị thương hiệu, tuột giá nhanh mà ngáo giá.",0
hay,2
"mih thấy form thiết kế của x8 và x9 đi theo kiểu khdc ấn tượng như x7 nhma nhìn lâu dễ thấy đẹp và tinh tế nhất ở x9, x9 đem lại cảm giác cầm nắm tốt hơn x8, thiết kế nhìn lâu dần sẽ thấy đẹp như đời x8",2
Màn hình cong vỡ cái màn hình thì ốm luôn,0
"oppo tính bán con find x9 thôi , con pro rõ ràng không hơn nhiều, thì con 9x thường quá đủ",0
"Có mấy cảnh lướt tin tức, lướt đi lướt lại tin iP17pm đổi màu. Ko bít có ý đồ gì đây, như xéo đi xéo lại nỗi đau của ifan á 🥲",0
Riêng t có lối đi riêng S24 Ultra,2
Ốp po mầu Rất đẹp và bên,2
"Mình thấy màn 6,5” là cầm vừa vặn tay nhất không quá nhỏ củng đủ lớn để dùng không bị cấn tay🎉",2
"Người nói là Mêga Pích Seo, người lại nói Pích Sồ. Như nào mới là chuẩn đây?",0
Tần số lấy mẫu cảm ứng của fine x9 pro là bao nhiêu ạ,1
Lên mạng toàn thấy bọn nhân viên oppo spam khắp nơi khen máy. Hài,0
"sao nó k làm cụm cam cân đối nhỉ, tiếc ghê",1
chip mạnh thế này thì dùng 3 4 năm vẫn ok nhé mn,2
Đang xem bằng S25U. Cũng đáng gờm đấy :)))),2
"tô đen cụm cam thì đẹp, nhìn lỗ lỗ ghê quá",0
ngon,2
pubg đc120hz vậy liên quân có 120hz ko,1
Bản tiêu chuẩn 204g nó nặng lắm ko mọi ngưởi? Mình sợ cầm đt nặng dữ lắm rồi.,0
Định mua bên trung thấy rẻ hơn tận 6tr không biết có nên mua không ạ,1
"Có thể đây là chiếc điện thoại flagship toàn diện nhất năm nay.
Thiết kế cụm cam như vậy sẽ đồng bộ tổng thể nhưng mình thấy xấu. Đeo ốp nhìn đỡ xấu hơn. Mình nghĩ chỉ cần cắt vát như Xiaomi thì trông mềm mại và đẹp hơn nhiều.
Mình thích bản thường vì nhỏ gọn hơn. Xu thế cứ thiết kế đt to lên như này dần dần ra đường là phải lăm lăm cái túi xách, k rời được.
Màu sắc ảnh hơi ám vàng bản thường trông có chiều sâu hơn khi chụp người, trông không ghê như iPhone nhưng tổng thể chụp sẽ bị sai màu. Còn bản pro cân bằng trắng tốt mà lại to quá -.-",0
"em đang cần livestream tiktok nhiều , đang nghiên cứu androi pin khoẻ camera đẹp",1
"Đang dùng 17prm mà chán quá , cảm thấy khá thất vọng",0
"Đẹp hơn iPhone :)) 
tôi xài Pixel với Samsung nhé, nên đừng bảo Tàu con :))",2
Mong Ad sớm làm bài so sánh camera với ip17prm và s25 ultra,2
Mk chạy ship lên khoái nhất khoản pin 7 nghìn thì dùng cả ngày ko hết quá đáng đồng tiền để nâng cấp,2
"cụm cam thiết kế xấu vãi,, nhìn con oneplus đẹp hẳn",2
Pin cao quá chơi 2 ngày mới sạc thì mệt lắm,0
Giá như giữ lại cụm camera như năm trước thì đẹp quá,2
Finx 8 mình dùng 1 năm rồi. Vẫn rất nhanh.,2
Dùng thực tế vẫn thua Ip Ss thôi,0
"Vivo,oppo về chính hãng sớm,con xioami 17 mãi chưa về,mà về thì chắc bị vivo,oppo chiếm.mớ thị phần, rồi lúc đó độ hot mi17 sẽ giảm,giờ còn giảm dần rồi",0
Từ iphone chuyển sang samsung  rồi lại sang iphone xong rồi l chuyển  Sang oppo. Cuối cùng dùng cả 3 hãng 😂😂😂,2
"33tr ,,",1
"S25u 21 củ, còn nhiều hơn thì mua luôn iphone 17 pro max để ngta biết mình xài đt xịn. Chứ bỏ nhiều tiền mà đt nhìn na ná nhau ko nhận diện được hàng cao cấp thì mua làm j. Hihi",0
Sao về chính hãng lại là pin Lipo rồi😢,2
Ngáo giá. Bán giá đó thì chơi mình đi.,0
Vậy là gần như loài người đã từ chối màn cong tiến bộ của nhân loại hả anh em ?,1
Có bản mini không nhỉ?,1
Em chọn ngắm qua Youtube ạ,2
Giá..,1
Camera oppo năm nay quá đỉnh.nét mà ko bệt như vivo,2
Oppo có gói bảo hành rơi vỡ như SS Care + ko mọi người ?,1
Ngày tàn của ip đang đến gần nếu không chịu thay đổi,2
X9 pro cũng có màu đỏ nhé mấy con gà biết gì,0
"Điện thoại tàu thật ra bị ảnh hưởng bởi tâm lý bài xích Trung Quốc cũng như ác cảm ăn sâu hàng tàu là hàng dởm hàng nhái. Nếu khách quan mà nói, công nghệ Trung Quốc giờ đã rất vượt trội từ những gì mà họ show ra. Tuy nhiên một điểm yếu chí tử mà Trung Quốc không biết có nhận ra không, đó chính là sự phân hóa, quá nhiều hãng, quá nhiều dòng, quá nhiều loại công nghệ làm mất đi tính bản sắc và sự nhất quán trong hệ sinh thái - Điều mà Mỹ hay Hàn đang làm rất tốt! Điện thoại bây giờ không chỉ là nghe gọi, nó là một phần trong bộ công cụ người dùng, vậy nên Iphone và Samsung vẫn là lựa chọn tối ưu thôi, trừ khi bạn muốn trải nghiệm một công nghệ mới gì đó. Nhưng mà ""trải nghiệm"" rồi cũng chán, cuối cùng vẫn là ""công năng"" thôi.",2
không biết Rung có cái tiến không. x8 đút túi quần đùi làm việc nhà. mẹ miss cuộc gọi liên tục,2
Năm nay Find X9 series thiết kế mặt sau camera đẹp quá 😊 còn Find X8 series quả cam hình tròn nhìn xấu và dị quá 😮,2
cho cái con hà thiên lộn trên hình nền mất thiện cảm vl. :)),2
10:34 nhìn phóng to như lông zái thế 😂😂😂,2
x9 lại ko có ltpo ak,0
Nhìn cái màn hình nó cứ dài dài kiểu gì ý. Chiều daibthif dài quá. Ngang thì lại hơi ngắn.,0
"thế x300 vs x300pro sẽ là 19 tr ,29tr",2
mình mua về để chạy ship🥶,2
Tưởng tặng quà là bộ kit chụp hình chứ ai dè tằng nấy cái đâu đâu,0
Hãng lỏ duy nhất làm flagship gắn màn éo có LTPO rác rưởi vl 😂,0
"32tr cho 1 con oppo thì khó r, đu gì apple vẫn có tiếng tâm hơn trong giới 3x tr",2
Find x9 quá ngon,2
Ẩn tên ứng dụng trong đổi icon ngay đó luôn mà. 😅,2
S25u 19x săn shopee,2
"Mình fan Sam mà nhìn cũng mê thật, đợi giá ổn thì trải nghiệm, xem đánh giá mà muốn cầm ngay và luôn thật😢",2
10:35 s nhin x9p k nét = nhỉ,2
32tr cho thằng china..riêng tôi k xứng 😊😊😊,0
Tính đợi ra mua mà nghi giá 3x thấy v hốt luôn S25U,1
Đag dùng k13 turbo pro. 😅. Kết quả pin. Chạy đc dùng đt mở map nhiều mà có quạt quá bá😂,2
Giá chính hãng mà gim 33 triệu thì ko biết ở Vn bán cho ai? Tầm giá đấy cực khó cho oppo. Trên 30 mà máy thanh chắc chỉ ip nó bán chạy thôi,0
Oppo năm nay đúng kiểu vượt trội so với samsung,2
9 thường ko có LTPO phải ko ae nhỉ,1
33tr thôi quay xe đợi giảm giá,1
"Chính ra hàng chính hãng ss lại là hãng rẻ nhất. Đợt s25u ra mắt săn sale có 24tr, mi15u thì cỡ 25. Chịu oppo vs vivo thật. Dưới 30 còn đk chứ trên 30 thì ảo quá",2
Đào tóc như lông l,0
Em chọn Galaxy 25 Ultra giá 2x nhỏ 😂😂😂,2
N có hơn xiaomi 15 nhiều k mn,2
E có nói quá ko dương,2
opo chưa thể chung mâm với iphone  được để cái giá 32t hơi ngáo thật ! bên ngoài có thể bóng bẩy chứ mổ bụng ra nhìn một đống dây dợ loàng  ngoằng chán hẳn,0
Con Fx9 ngon quá. Cầm 6.6 là quá ổn áp rồi 😅,2
Phân vân e này với honor magic 8pro,2
Ko có màu đen thì thôi nhé,0
giá mắc hơn năm ngoái 4tr :(,0
"điểm trừ to đùng là giá quá đắt, trước đây có iphone giờ có thêm vivo và oppo",0
"cái đầu..tóc xoăn, chi tiết đấy.mình nhìn cái tóc xoăn2..ảo2..! may là đầu hạn ấy ko bị hói nếu ko thì mình ko muốn xem cái đoạn đấy luôn.😎😎😎",2
"Mặt trc của con này thì đẹp ko phải bàn rồi, nhưng cụm cam thật sự làm nó nhìn ko khác gì mấy con adr tầm trung ấy =)) dù biết là phần cứng camera của nó vẫn thuộc dạng khủng long",2
Những người chơi adr lâu năm sẽ thấy xấu còn những người dùng iOS sẽ thấy đẹp vì quen kiểu cụm cam,1
Xài x8 đã quá ngon rồi. Chả lẽ năm sau lên x9 😂😂,2
"Muốn ẩn tên các icon màn hình chính bạn có thể vào cài đặt , tìm bố cục màn hình chính . Vào trong đó sẽ có mục ẩn tên biểu tượng màn hình chính và ẩn đi được nha",2
"Hy vọng các sếp xiaomi học tập oppo. Ra bản qte ko cắt giảm pin, t vẫn đang chờ đợi con mi17 🤤🤤🤤",2
Khét đấy,2
Uớc con Xiaomi 15t pro pin như con này nhỉ 😂😊,2
Thích find x9 ghê màn 6.5 gọn cầm vừa tay bởi vì mình rất thích màn 6.5 6.3 6.1 nhỏ gọn vừa phải.Hi vọng oppo sẽ ra find x9s như find x8s vừa rồi ❤,2
"đang dùng 13prm, nhìn Find X9 pro mà ham quá anh em
anh em cho hỏi Find x9 pro có dùng được apple watch k nhỉ?",1
"Find X9 Pro 32tr ế lun , giá này bản ultra may ra",0
Mấy hàng tàu.. bây giờ ép SS quá rồi...,0
Giá này mua oneplus xách tay ngon hơn nhiều room cuốc tế thông báo ngon luôn,2
Đã cọc. Chính thức bỏ iphone đã dùng từ iphone 4.,0
Oppo đang ảo giác tưởng họ iphone à 😂,2
"Tin vui là pin ko bị cắt giảm, tin buồn là giá ngang iPhone 😅",2
"OPPO vẫn chưa tìm được thiết kế riêng cho điện thoại cao cấp của hãng mỗi năm một thiết kế chua nhận diện được thương hiệu. 
Không giống samsung và iphone",0
Ko biết đến khi nào các hãng mới dừng cuộc đua về camera cho smartphone so với thời LG G2 thì chúng nó tiến hóa thật rất kinh khủng đó và giờ các hãng tập trung vào trải nghiệm tùy biến hơn về cuộc đua AI 🤣,2
"Giá này thì thôi, mua ip Samsung cho nó lành",0
Hãng làm sao mà chiều lòng được tất cả những  người tiêu dùng được mỗi người mỗi ý nếu mà mấy ông muốn cụm camera theo ý của mình tốt nhất tự làm mà sai lúc đó là khỏi chê 🤔 nếu mà ghét cụm camera thì IPhone mình ghét cay ghét đắng 😡,2
Giá này thì tôi mua iphone còn hơn,0
cho mình hỏi là sạc nhanh và sạc siêu nhanh  samsung 2 loại này khi sạc có khác gì không bạn mình sạc   nhanh và sạc siêu nhanh cho con s25 thấy 2 cái này sạc không khác gì,0
Mấy con máy này mua thì 32 củ dùng tầm 1 tháng sau bán lại 10 củ chưa chắc có người mua 😅,2
Đang có suy nghĩ app pin 7500 😅😅😅 sẽ ntn,1
"Quà 10tr nói cho oai chứ cũng như không. Giá cao mà keo thế, ko đc món quà hiện vật như loa, tai nghe nào",0
"Giá này căng à, nhường ae, đợi xiaomi thôi",2
Camera so vs vivo x300 pro thì sao nhỉ cả nhà,1
Shopee ko ăn thua. Muốn đt nóng bỏng tay và pin tụt như tụt quần thì hãy dùng momo nhé. Móa cái app củ cẹc,0
Oppa find x9 với xiaomi 17 pro cái nào ok hơn nhỉ mọi người,2
vâng 33tr cho 1 con oppo,2
Cánh tay của bạn Rương tắm không kỳ hay sao mà để đống rong ghê vậy . 😅😅,2
Chênh vs xách tay chục củ 😮. Thôi mua xách tay năm sau lên find x10 đỡ lỗ 😂,0
"Chính hãng là chắc chắn k chậm thông báo nhỉ ae ơi . 
Lâu lắm r k dùng oppo, từ 216-17 dùng Neo5 😂
Màn x9pro có vẻ sáng hơn nhỉ",2
"Bạn ss toàn diện IP 17 với Find X9 nhé, cám ơn và chúc bạn luôn may mắn !",2
"E đang dùng mi 15u ch , đang tính lên con x9 pr mà nhìn quả giá vch quá chắc đợi ngày 1 xem con x300 pr ra sao  tiện thể cho e hỏi con nào xứng đáng hơn! MN",2
"Nhìn quà năm nay toàn quà ""bảo hành"" nghe chán nhể =))",2
Chứ năm ngoái find X8 tiêu chuẩn cũng có làm màn nhỏ hơn đâu mà  nói năm nay năm kia,0
Đang dùng x8 chính hàng rất ok. Đợi năm sau X10 đổi máy làm hợp lý😊,2
Cụm camera năm nay đẹp nhất vẫn là K90 Pro Max :))),2
"find x9 được rồi, máy gọn hơn và ko quá nặng",2
"Máy xách tay thì oppo là ngon nhất rồi, bảo hành toàn cầu, có tiếng việt, thông báo ổn áp",2
Sao bên sonpixel test game thấy nóng mà shop,0
32tr...😅,2
Thông tin quan trọng cho các bạn là cả Find X8 đến tận Find X9 đều không có tính năng LTPO tần số quét dao động 1<->120Hz. Ko hiểu vì sao với tầm giá như này mà tính năng cơ bản nhất để tiết kiệm pin khi bật AOD lại không có. Nên thực tế Find X8 pin gần 6000mAh nhưng dùng thực tế thua cả mấy con máy ít pin hơn.,0
Viền mh mỏng ác,0
Giá này thì thôi,2
Cảm giác năm nay vivo để con x9 thường mới là trọng tâm doanh số tại thì trường VN,1
quả giá tht là vch,2
Giá này mua xách tay,0
"Năm nay giá trừ quà chênh giá xt có 2tr mà rom global, bảo hành 2 năm thì ok thật
Còn X300 series vẫn chênh tận gần 5 củ thì khó nha bro… Khó nha…",0
"Hóng video so sánh quay thường và quay zoom giữa Find X9 Pro với S25 Ultra quá! Mình đang dùng S25 Ultra, hay đi concert nên rất mong chờ phần này để xem có nên đổi máy không 😍",2
OK❤,2
Mua OPPO Find X9 và Find X9 Pro chính hãng: https://www.thegioididong.com/dtdd/oppo-find-x9-16gb-512gb?utm_source=youtube&utm_medium=vvs-binhluan-ytvvs&utm_campaign=media-VVS-251029191033743&utm_content=media-VVS-camnhanveoppofindx9v-251029191033743,1
Trễ thông báo. Ko có tiếng việt. (Khinh thường người Việt) bán 2tr cũng vứt,0
Con này so với ssa56 5g 9tr6 thì sao ae nhỉ ?. mình dùng con ss71 được 4 năm giờ bị sọc màng tính lên con a56 thì thấy clip này,1
Viettablet đúng 10tr tròn,2
Con 15T này có bị đơ camera khi lúc cần chụp gấp không ạ ? Em đang dùng Redmi note 14 mà lúc cần chụp gấp bật cam lên nó lag lòi @@,0
Mua mấy con xiaomi đến lúc hỏng tìm linh kiện cũng khó,2
Hôm vừa rồi phân vân con này với con ip14 .giá máy lúc đó khoảng 12tr. Cuối cùng lấy con ip14. Màn hình mở 50% độ sáng mà nhìn nó tối tối sao á. Phải mở 70% trở lên mới thấy sáng rõ,0
Con này hơn poco x7pro nhiều k a,2
Chậm thông báo thì chán rồi,0
Realme gt8 cũng 10m ko ngon hơn à  anh,0
"điên sao mua cấu hình này hơn chục tr 😂
đầu tháng áp mã xuống 9tr lun nè",2
tối ưu ram ở chỗ nào vậy a trên Iphone làm gì có đa nhiệm mà ăn ram nhiều ứng dụng để nền 1 xíu là auto đóng thì bảo sao nó ko mượt đang làm việc cho nó ẩn xuống vào ứng dụng khác 1 xíu quay lại phải làm lại từ đầu,0
Hôm 20 có 9tr4 + hoàn 200k xu nữa tính ra có 9tr2 thôi bản 512gb,0
KO NÊN LÀM GIÀU CHO TRUNG QUỐC,0
Tầm 10tr5 a dương tư vấn e con gì pin trâu hiệu năng tốt xíu vì e chạy shipper ạ😊 e cảm ơn hàng chính hãng a nhé,2
10 củ mình sẽ mua s22ultra,2
"Mình mới mua Xiaomi 15T , cầm sướng, khá mượt, pin tạm, nhưng chất màn mình chấm 7/10 . Màn to dùng 1 tay không tiện",1
Xiaomi 15T tài khoản em có 9.849.000 khi đã áp tất cả mã giảm giá 😂😂😂,2
10tr mua vivo s30 pro mini dc ko,2
so với Honor 400 thì sao ạ,1
lanh quanh 10 đồng 9 hãng  con này ngon nhất rồi chịu khó săn thì 9x,2
"Tiếc là bọn androi ko phù hợp với ng già , toàn mua iphone cho bố mẹ dùng chống rồi loạn :)",0
Máy chính hãng chậm TB ko ạ,0
Mua shopee thì bảo hành ntn vậy các bác,1
"Xiaomi màn nhờ nhờ, không đẹp như iPhone và Samsung, hôm trước em có thử ngoài Tgdd, cả mấy con Oppo Find x9 và Vivo x300 hay Xiaomi 15, không hiểu sao nữa :( Hơn nữa Xiaomi còn bị lưu âm, thoát app vẫn nghe tiếng nhạc",0
15t đợt 11.11 lúc nó xuống dưới 10tr🤣🤣🤣,2
e mua ip13 r:)),2
10tr hơn mua iphone 16e lock sim viettel xài lâu dài dc ko anh em,2
"Chào em, thương hiệu điện thoại Motorola bán lại cho Trung Quốc bây giờ ngang với các hãng điện thoại trung quốc khác hay điện thoại Motorola vẫn thương hiệu hơn ạ",1
Sài về lâu về dài tuổi gì với iPhone,2
Cho em hỏi bây giờ mua con ss s21ultra có ok k ạ,2
"Hello anh, em cần anh tư vấn cho cháu em học lớp 10 hiện đang có 25 triệu mua dùng cho mục đích sử dụng lâu dài đến đại học. Cháu thì cứ thích Vivo X200 Ultra nhưng em nghĩ hàng xách tay sẽ có rất nhiều vấn đề về thông báo như tin nhắn hoặc otp ngân hàng,... Nên em hướng nó về iPhone 16 Pro Max cũ. Nhưng cháu nó xem mấy clip tiktok nhiều thì thích chụp ảnh này kia như chụp tele macro mấy con côn trùng hoa lá này kia. Nhưng em thấy nó sẽ rất mau chán. Mong anh tư vấn cho em biết ưu nhược điểm của máy xách tay là như thế nào ạ. Em cảm ơn anh nhiều ạ❤",1
tầm giá này con nubia z60s pro cũng là đối trọng khá đấy,1
"Thực ra giá này hợp lý ,mỗi cái hình thức ngoài ko đc như xiaomi 15",1
"A Dương ơi có thể tư vấn giúp mình vs mình đang dùng Xiaomi 15T Pro mới mua đc 1 tháng, nhưng màn hình hơi to so với nhu cầu. Anh có thể làm 1 video so sánh giữa Xiaomi 15T Pro và Oppo Find x9 Pro đc ko. Muốn chuyển sang Oppo quá mà hơi cấn cấn vì giá hơi cao. Chúc anh và gia đình thật nhiều sức khỏe và ngập tràn HP .",2
"Uả về lý thuyết thì exynos 2400e mạnh hơn hẳn dimensity 8400 (ultra) nhưng do samsung bóp hiệu năng còn xiaomi bung hiệu năng nên kết quả khi chơi game thì exynos 2400e sẽ không ổn định bằng, nhưng khi sử dụng app, xử lý công việc, đa nhiệm, edit video thì exynos 2400e ăn đứt vì dù gì nó vẫn là chip flagship, gần như không bị cắt giảm gì, hỗ trợ đầy đủ tính năng",2
15t hôm qua mình xem có 9tr4 quá ngon,2
"Em chào anh , em đang dùng iphone cũng đã được 10 năm rồi mà thấy những đời mới iphone hiện giờ nó thiếu đột phá để mà chọn iphone tiếp mà lên đời, em đang phân vân 2 con máy là Xiaomi 15t và 14t pro, không biết nên chọn máy nào khi 2 con máy cx gần gần = giá tiền. Em từ iphone qua nên cũng muốn ưu tiên những con p/p tốt và giao diện dễ dùng như ios. Chúc anh nhiều sức khỏe ạ em cảm ơn.",1
14 plus cũng tầm 10tr,2
giá đó mà viền nhựa thì quá phèn,0
"Tầm 7 triệu trở xuống thì có máy nào pin ≥6000, màn hình ≥6,6 inch, hiệu năng 
 snap 7 gen...và là máy chính hãng (xách tay cũng đc, ít nhất là có tiếng Việt) ko ạ? Mong chú tư vấn",1
"10tr cho con 15t quá hời rồi, mua offline gần 15tr",2
"Mua đi bán lại mất giá, sửa chữa khó ko có linh kiện",0
Viền nhựa không thích,0
Tham khảo Laptop tại Trung Trần : https://trungtran.vn/?utm_source=Youtube&utm_medium=ytdd&utm_content=Dtyt&utm_campaign=BNMADD,1
"Quen dùng laptop thích thật mà làm đồ hoạ cày trâu thì k dùng lap đc :((, cứ phải pc",0
"Nhiều bạn hỏi máy để làm kỹ thuật mà toàn thấy tư vấn máy card dành cho game. Đảm bảo luôn thời gian đầu dùng thì lag, thời gian sau khỏi dùng luôn",0
"Trước thì ca ngợi Dell precision xách tay này nọ, giờ thì phân phối hàng chính hãng của hãng khác, không làm Dell nữa thì không thấy nhắc đến. Khuyên anh em vì công việc và chịu bỏ ra trên 30tr thì cứ Dell precision hoặc Thinkpad mà mua",0
Sao vid flop v,2
"Đợt này Dương Dê làm mấy clip review mờ nhạt quá, lượt view tuột thậm tệ",0
Ơ a Văn viện trưởng vks đây mà,2
"Em cảm ơn anh Trung đã book rất nhiều kênh để cho người dùng có thêm kiến thức và chọn được máy ưng ý rồi chốt ở shop khác ạ, bởi vì giá vẫn quyết định🤧",2
"em chào anh ạ, anh ơi em đang có một câu hỏi là: Em đang có tài chính khoảng 6m3 và đang thích iphone. Nhu cầu của em là muốn có một con máy dung lượng từ 128 GB đến 256 GB, có thể chơi game và chụp ảnh đẹp, cũng như phục vụ công việc online. Em dùng làm máy chính và cần sử dụng nhiều, em đag thích con iPhone 13 thường. Không biết con này có ổn không anh và nếu mua Android thì nên mua con máy nào ạ.Em rất cảm ơn anh trả lời câu hỏi của em. Em chúc anh một ngày thật tốt đẹp ạ!!",1
Chờ a ra video tv điện thoại mỗi ngày mà giờ chưa thấy,2
"Galaxy S25 FE : https://clickbuy.com.vn/samsung-galaxy-s25-fe.html
iPhone 14 : https://clickbuy.com.vn/iphone-14-128gb-chinh-hang-vna.html",1
Đang dùng s21fe thấy rất ok mà lại sọc màn.tính nếu lên thì cũng chỉ cần lên 24fe là ok vừa rẻ lại cũng gọi là nâng cấp,1
Nên mua s25 plus cũ ở TGDĐ không mng?,1
"FE chip yếu, pin lỏ, 14 nhỏ, 13-14tr mua iPhone 14 plus cũ ráng 15-17tr mua 15 plus cũ sẽ dùng lâu dài hơn",0
Nó chỉ đáng mua khi về 10tr thôi. Nó đẹp hơn nhưng 2400 vẫn hao điện và nóng. Mình dùng s23fe 2200 rất thất vọng nên cứ exynoss là mình né mà 2400 trên s24 và s24 plus cũng tệ và tốn pin nên tốt nhất dùng lâu dài k nên mua. Nhưng vòng đời của s25 fe dài hơn so với ip sẽ lâu hơn ip 13 14 có lẽ tầm 2 năm nữa nó sẽ như 11 và 12 bây giờ. Nóng và pin hẻo.,0
chỉ k thích mỗi cái vân tay thôi còn dùng ngon mà. game ổn hơn s24 fe rất nhiều,1
Sẽ có mấy con gà chọn ifan 😂,2
"Mình sẽ chọn samsung s25 ultra nha, 🎉🎉",2
Samsung còn bị sọc màn kh vậy mn ơi sợ quá,0
Anh ơi cho em hỏi e sài ip14prm lla dạo này từ lúc cập nhật ios 18. Vô chơi game bị tụt 5G lag không chơi được speed test thì vẫn lên cao nhưng cứ vô game là thấy tụt mạng rõ anh có cách khắc phục chỉ em với 😢,2
"ip14 nhỏ gọn, ổn định",2
"Mình đang dùng A56 và ip13, mình đang có ý định cho Mẹ mình dùng A56 và sẽ mua s25 fe. Dùng one ui thích thật nó tiện và đẹp.",2
"đang dùng s21fe với 14pro mà thấy nhiều cái vẫn thích dùng s21fe hơn thì s25fe với 14 thường chắc chắn tôi chọn s25fe , nhưng s21fe hay s25fe thì vẫn thích s21fe hơn vì nhỏ mà cầm thích tay hơn",1
"kbiet ae thế nào, chứ tôi xem youtube chắc 90% xem ở cái màn hình nhỏ nhỏ, gần như chả bao giờ xoay ngang :v",2
Turbo 4 pro có bị lỗi đa nhiệm ko anh ơi ví dụ như chơi game chờ load trận xog thoát ra lướt tik xong vô game lại có bị tải lại gane ko ạ momg anh giải đáp ạ chúc anh và gia đinh nhiều sức khỏe ❤❤❤,2
Sam sung toàn sọc màn .vứt!,0
anh dương ơi có nên mua 16e không em cần hiệu năng pin sử dụng lâu dài hay dùng 4 g nhiều,2
sau 2 năm lại sọc màn bán xác :V,0
like 👍👍,2
Tôi thấy nhiều người kị thị dòng fe vãi. Sao đâu ta? Samsung thì thay vì mua lúc mới ra mắt thì đợi nó xuống giá hẳn mua. Mua shoppe giá ngon quá chời,2
Cái gì cứ ăn chắc mặc bền mà mua thôi,1
Tôi chọn s24 fe,2
anh ơi em đang xài Mi 10 5G để chơi game và quay vlog .Vậy em có cần lên 13 ultra 1 TB Rom 16 Ram ko ạ. Chúc anh và gia đình sức khỏe ạ,1
Vẫn chọn S25FE 😊,2
"hiệu năng iphone 14 thua nhé, exynos 2400 mạnh tương đương a16 trên iphone 15",0
Mấy dòng FE không bao giờ hơn ip được.,0
Anh Dương cho em hỏi nên mua Sam S24Plus Mỹ likenew hay mua Oppo Find x8 likenew chính hãng hơn ạ. Em cảm ơn anh và chúc anh sức khoẻ,2
cá nhân vẫn thích ip14,2
chú ơi cháu cần 1 máy tầm 12trieu hiệu năng đủ tốt tại cháu có chơi game và edit video thì nên mua 14plus hay 12pro max hay máy nào khác ạ. hay là trả góp 15 plus ạ vì cháu cũng từng trả góp rồi nên có lịch sử trả góp uy tín ạ cháu cảm ơn chú,1
Tuổi gì so với ip 14 😂😂😂😂,2
Máy đã kích hoạt mới có giá này phải ko a 😄,2
Con này săn sale shopee có 11tr rưỡi thôi ae ạ,2
"cam ko đẹp bằng ip, còn lại thì hơn",0
Ok,2
Mày review ròi mày có dùng ko,2
Có ghi âm cuộc gọi không mn,1
"2 vc xì tin quá, có bé nào chưa duy ?",2
sao có free fire vậy anh,2
Ko thấy ai làm con z80ultra nhỉ,1
"Về cơ bản các chức năng như chuyển file qua iPhone, Macbook, hay hiển thị màn hình đt trên MacBook và điều khiển nó. Mọi điện thoại Android đều làm được. Nhưng có bất tiện chung mà OPPO và các đt Android khác vẫn chưa khắc phục đc.

1. Chuyển file qua lại. Chỉ cần cài app LocalSend là có thể send file qua lại, nhanh như AirDrop. (Oppo thì là cài O+ connection) Nhưng việc kêu bạn bè hay ng lạ cài 1 app thứ 3 và mở nó, k bao giờ tiện bằng bảo bạn bật AirDrop.

2. Share màn hình đt, và thao tác trực tiếp trên máy tính macbook. Trên máy mac, cài đặt 1 phần mền open souce ""Scrcpy"" là đc. Oppo chỉ đơn giản hóa cấu hình, ý là làm hộ chúng ta việc setup. Chắc chắn lõi của app O+ cũng là các mã nguồn open souce này.  Vì nó đang bị 1 yếu điểm như nhau. Nó là share màn hình, ý là màn hình đt sẽ luôn mở chứ k ""tắt mà vẫn thao tác đc"" như trên iphone. 

Samsung cũng đc, Oppo cũng đc. Android là đc. Nhưng phải chấp nhận những bất tiện trên",1
Cái vụ sử dung oppo trên máy tính. Tắt màn hình đt dùng đc k shop,1
"color os 16 cho one ui 8 ra chuồng gà. Hyper lỏ thôi khỏi đưa vào, bẩn danh sách",0
vl oppo làm os bá đạo vl,2
"Hello sir, I like Oppo Find X9 Pro very much but I don't have that much money to buy it, can you gift it to me please",2
"Công nhận Oppo chi tiền booking mạnh thiệt. Mấy trăm clip review rồi, thậm chí ông Duy iFan mà còn phải làm clip =)))))",2
IOS bây giờ lác lòi ra chứ có mượt nữa đâu mà lại so sánh mượt như IOS,0
"Móa, mình có thằng cu em giống ông Duy Thẩm đến 99%. Tạo hóa thật đáng sợ",0
sao cứ phải học theo iphone lgi v,2
"Phải tối ưu và đồng bộ với nhiều sp của hãng khác chứ ko chỉ dt thôi . Chứ như apple watch , hay airpod max chất lượng bt , giá thì ngáo . Dùng đồ hãng khác thì ko tối ưu . Toàn chăn tiền của người dùng .",0
Nhưng các ông reviewer vẫn chọn dùng iphone thoai,1
giờ đây không cần dùng iphone 17promax nữa dùng oppo find x9 pro thôi,2
Anh unbox macbook pro và ipap pro m5 đi ạ,2
đầu hả,2
Mình đang phân vân giữa fin x9 với Xiaomi 17 thường,1
"Ngáo giá thật, 6 tháng sau thì giá finx9 bằng 50% giá iphone 17, 😂😂😂",0
"Oppo nó bị ảo giá hay sao ý,",0
Nên mua bản 12/256 hay 16/512 vậy ạ,1
nên chọn x8p hay x9 ạ,1
Phong cách design của người ngoài hành tinh à. Cứ cho là có người mua đi thì ai có đủ can đảm để mang nó ra đường? Một miếng vải hình chữ nhật đục lỗ ở giữa. Thật sự là thua cả cái túi nilon,0
Find x9 so với x8 pro thì sao a Dương,2
Tuik này dùng viet dc k bạn?,1
Mình đang dùng 14 pro max có nên đổi sang em find x9 này trải nghiệm ko Dương?,1
X9 23 tr x9 pro 27 tr lệch 4 tr 10 tr đau ra,2
Anh Dương làm cái ss Oppo find x9 vs Xiaomi 17 đi ạ,2
"Find x9 với 16 prm nên chọn máy nào a.  E chủ yếu quay phim, chụp hình. Thương hiệu ko quan trọng",1
Chụp ngon quá. Đợi hàng cũ xuống 15 củ thì xúc😂,2
Nay nhìn chú Dương trẻ phết,2
A so sánh find x9 vs vivo x300 vs xiaomi 17 đi a,2
Có nên từ x8pro lên x9 thường không nhỉ,1
nay nhìn a Trẻ đẹp ghê 🤭,2
Find x9 23tr làm gì có màu đỏ,0
"thật sự năm nay thấy có rất nhiều ng quan tâm find x9 nhiều hơn là find x9 pro. Có nhiều đứa ngô ngô ngáo ngáo nói Oppo làm cái máy 6.59in nữa nạt nữa mở, sao k làm 6.1in. Thật sự nhìn lại là có lý do cả, nó hút dc cả khách cần gọn và khách cần màn vừa đủ to. Con Find X9 ra ngoài trải nghiệm nhắn tin 1 tay vẫn ok, k với quá nhiều.",1
Kha kiếp trc giải cứu thế giới à e??!??,2
hay,2
"đánh giá nhanh nhưng tận 12 phút ,làm video ngắn đi ah",0
"Phải Công nhận Oppo Find X9 thực dụng thật sự, cơ mà giá bản thường 16/512 hơi chát. Đành đợi giảm giá vậy, anh ạ  😭",1
"Nhưng mà quà thì quá khen lại còn không được trừ. 
Thu cũ đổi mới thì thu quá rẻ",1
Mình cần tìm cửa hàng bán find x9 tại hà nội giá tốt nhất. Ai biết giới thiệu mình nhé cảm ơn,2
Mình đang dùng s24u có nên qua x9 pro không các bác,1
đang sài Find X8 nhưng về giá so với X9 pro mình sẽ chọn Vivo X300 pro,1
"Đt giá rẻ có loa kép, mà đt này k có loa kép 😂",1
Bữa nay a Dương đẹp trai thay đổi phong cách nhìn trẻ thật,2
máy này là chính hãng ko ạ ? hay xách tay nhỉ,1
Người yêu của Kha xinh quá,2
"Theo t khi đã so sánh cùng giá thì nên so sánh với những android cùng giá, chứ cùng giá mà so sánh với iphone thì chả có iphone nào ngon cả vì vốn dĩ iphone nó còn có chứa tiền của thương hiệu apple nữa.",0
zoom sang cô hàng xóm =)),2
Nay bác dương mặc quả áo trẻ ra cả chục tuổi nhể !,2
Áo đẹp trẻ ra nha a,2
"1:57 Vừa nói ""mượt mà hơn"" phát mà vuốt đã lag rồi; 2:06 so sánh màu xanh phần chấm điểm để thấy màn iPhone nét hơn hẳn.",2
"Anh Dương làm video về tính năng Oppo Find X9 có airdrop, copy paste, share màn hình lên Macbook, kết nối Apple Watch ... khả năng liên kết với hệ sinh thái Apple đi a, hiện tại chỉ nghe kể chưa thấy demo hơi khó hình dung. 
Em nghĩ là nhiều bạn iFan sẽ quan tâm về mấy tính năng đó. Chúc anh và team mạnh khỏe. <3",2
ổng hơn tui có 1 tủi mà mặt nhìn như ông già tui vậy. 1990 mà nhìn già vãi,2
Xong việc mua find x9,2
"Nhìn anh Dương nay như 25 tuổi ấy, đẹp trai đẹp trai ❤❤❤",2
Đang dùng find x8 có cần lên x9 k ạ mong a tư vấn,2
tầm này lại lăn tăn giữa 15 prm vs find x9 r,2
t chỉ ngại mỗi cái k có tiền 😂,1
"Uây, ny ôg admin Kha xinh vãi😮😮😮. Mịa, ôg này chọn đt thì như hạch mà chọn ny thù chuẩn thế",2
Mình vẫn sài x7ul thấy ok.k có hứng lên x9 lắm😂,2
Quen đồ tàu là phải rẻ rồi. Bỏ mấy chục triệu ra mua máy tàu sao cứ thấy cấn cấn.,0
Máy tàu có cấu hình với hộp đầy đủ phụ kiện mê thật. Mỗi tội icon với giao diện nhìn không được đẹp.,2
"Ngon nhưng chờ nd về 13,14 . Qt chat quá chịu 😂",1
Đang dùng reno 8pro 5g. Hẹn sang naem dùng findx 10 pro,2
"E cọc x9 rồi, nhưng vẫn phân vân vì màn ko phải LTPO ko biết khác gì k",1
Mình đang dùng x8..QT .. ngon..chỉ có bin không được trâu cho lắm...,1
"15 triêu là hợp lý đợi thêm vài tháng nữa he, chứ 22tr t múc s25",2
"Phải đánh giá chi tiết chứ,trên tay đã nhanh r",1
cam oppo chụp thì đẹp rồi.màn cũng đẹp,2
"Giá này mạnh dạn xúc hàng xách tay phiên bản pro thôi anh. Đắt hơn vài triệu còn đc , cách nhau có vài trăm km vc mà giá chát quá .",0
Trừ quà còn bn vậy,2
Oppo hỗ trợ cập nhật hệ điều hành mấy năm vậy anh,2
10 triệu đó còn mua được dàn PC =))),2
Find x9 với x300 nào ổn hơn nhỉ,1
May tàu chi mua làm may phu thôi,0
"A so sánh find x9 pro với find x8ultra đi ạ, em đang phân vân 2 con này, em cảm ơn a, chúc kênh ngày càng pt",2
Màu đỏ đo công nhận là quá đẹp,2
"Nếu thích mẫu mã này thì chọn oneplus 15 sẽ ngon hơn, dù ko bán chính hãng nhưng vẫn có tiếng việt a Dương nhỉ?",2
"Mình thấy củ sạc của hãng tốt kinh khủng , sd đc 15 năm ấy",2
"Mới mua x8 @@ xong có thông tin x9 ra mắt, giờ ngồi nhìn review 🤣",2
Find X9 thường mà 23tr thi nên cố thêm 2tr mua IPhone 17 thưởng chứ,0
có bị chậm thông báo không anh,2
Vãi L 26 tr 😂😂😂😂😂,2
"12/256 mà bằng giá với 16/512 của find x8 năm ngoái, thôi hơn được viên pin thôi, chứ nếu thật sự giá con x9 pro mà rẻ hơn tí, xém xém như x8 pro thì đó là lựa chọn hợp lí hơn đấy, kích thước đâu chênh nhiêu đâu, 6,59 vs 78, kích thước cụm cam cũng y một khuôn",2
Thử bỏ al đi rồi khác biết chụp anh toàn sài al 😂 iphon ko dùng bảo xấu chụp ko ăn thua,0
"Nhìn chi tiết quà mà thấy oải quá, khâu marketing của oppo nổ như bom nguyên tử",0
nay nhìn a trẻ hẳn,2
nay ông anh mặc áo đẹp trai thế 😁,2
Còn tiện khoe luôn con ng iu của đệ tử..vãi cả a duong dê,2
so sánh phần cứng với iphone nhưng đa số toàn mua iphone nhiều hơn đúng k nhỉ❤,2
Thích nhất oppo,2
"A duong lại khoe áo mới
.",2
Bạn nữ xinh thế,2
Vn hơi chán k có pro màu đỏ,0
Nhưng bán lỗ 80% còn iphon17 lỗ 30 đến 40% thôi,0
mình ko fan hãng nào và giờ cũng đang xài Xiaomi nhưng quan điểm của mình trên 20triệu thì cứ iphone mà bửa,1
OppoA6 có giá bao nhiêu anh,2
Selfie của Oppo Find X9 đẹp quá vậy❤❤❤,2
Áo a mua ở đâu thế cho e xin link 😂,2
"Ram 12G với 16G có khác biệt nhiều về trải nghiệm k ae nhỉ? Nếu k thì lấy con ram 12G cho tiết kiệm, Rom thì 256G là thừa với mình luôn rồi",1
mình thấy bản thường ko có màu trắng hix,0
"Giữa x300 vs find x9 và ip 15prm để làm máy chính ổn định 4-5 năm thì nên chọn máy nào ạ?
Mong được mọi người tư vấn.",1
Nhìn a dương bữa nay đẹp trai và trẻ trung hơn mọi lần. 😊😊😊😊,2
Cần bay reno 14 pro mới mua hơn tháng để lên đời find x9 bn nào quan tâm ib m,2
"A dương ơi giữa ip 16pro và 17 thường nên chọn máy nào ạ. Mục đích dùng bt lướt wed xem phin cơ bản, không chơi game ạ. E phân vân quá tại giá 2 chiếc k chênh lệch mấy. Cám ơn a ạ",2
Đang dùng x8 lên bao h ra x10 thì mua 😊😊,2
A dương hôm nay thấy trẻ ra 10 tuổi nhỉ.,2
"Mình dùng cơ bản, ko chơi game, chủ yếu chụp ảnh và quay video, quan trọng nhất là chụp ảnh ngược sáng. Ưu tiên Oppo hay Samsung với, máy tầm 20tr, tư vấn giúp mình. Chúc bạn và gia đình sức khỏe...",1
honor. x70 thẾ giới di động có bán chưa a,2
Color or trên oppo mượt mà thật.,2
Khen ngoại hình mới trẻ trung hơn xưa,2
màu đỏ đẹp thật,2
a dương có thông tin về xaomi redmi 15 5g khi nào về thị trường Việt Nam k a,2
"mua x9 pro nội địa 12/256 =))
Cơ mà mua ở đâu có giá trừ hết quà nhiều nhất nhỉ.",1
"X9 pro với 16 prm em nào hơn a
Cho em xin ý kiến",2
"Giá quá cao,,cứ để các đại lý om đấy mà dùng",0
E chỉ ko thích cái NHẠC NỀN lúc xem a tư vấn vs so sánh đt. Nghe nó bị phân tâm ko tập trung vào lời a nói dc. K biết có ai thấy như mình ko,2
Đối với anh dương thì x9 so với x9 Pro thì con nào đáng mua hơn anh???,1
A Dương cho e hỏi: cổng Type C của con này là usb 2.0 hả a Dương ?,2
Méc anh Kha mới đc 😅,2
giờ đợi 1 thời gian coi doanh số bán ko nổi cũng phải giảm thôi :)) tới đó mua :)) giá đó gần như chả ai mua ế chỏng vó :)),2
Dt tàu có bị cài cắm đường lưỡi trâu ko nhỷ😅,2
"2 con này nên định giá 20 & 25 củ đổ lại chứ ngáo giá vậy ai mua, nhìn dso con X8 trên shoppee mall của Oppo là hiểu",0
Thật sự con này quá ngon,2
"Với kinh nghiệm dùng Find X8 năm ngoái thì mình thấy trải nghiệm 2 bản vẫn ko khác nhau nhiều về camera chính, hiệu năng, màn hình, loa đài đâu, có khác chủ yếu về camera zoom thôi.
Ai quan trọng camera thì nên chờ lên hẳn bản Ultra ấy. Khoảng cách giữa bản thường và Pro rất nhỏ.",1
Hình như con x9 thường này ko có màn LTPO thì phải 😅😅,2
12/256 đau có màu hồng nhĩ,1
Mua ip cho chắc,2
"Chào anh Dương!
Anh tư vấn giúp em đồng hồ giá rẻ tài chỉnh khoảng 1 triệu trở lại có mẫu đồng hồ thông minh nào có chức năng nghe,gọi không ạ? Em chúc anh và gia đình sức khoẻ!",1
Có bác nào phân vân ip17 vs find x9 k,2
Anh ơi điện thoại của em là Samsung Galaxy Note20 Ultra có xịn không ạ. Mong anh trả lời và nó có chơi game mượt không ạ?,2
Vẫn cọc x9pro 😂,2
Tham khảo tại CellphoneS : https://cellphones.com.vn/dien-thoai-oppo-find-x9-pro.html?utm_source=pr&utm_medium=DuongDe&utm_campaign=dien-thoai-oppo-find-x9-pro.html_29102025,1
dg có người trên nhóm kêu chơi liên quân lang,2
Con này tần số cảm ứng bao nhiêu vậy mn,1
Chơi tốc chiến 120 fps có tụt fps ko bn?,1
Chả là cái thá gì so với Snapdragon 8 elite gen 5 và apple a19 pro ngon thì test wuthething wave maxsetting thử là biết mặt😂😂,0
"Test wuwa max setting chứ giờ ai còn test genshin nữa, hôi lông lắn",0
Sau làm test game thì thêm cái đo FPS với làm dài khảng 1h nhiều game như bên kênh LAG TV sẽ chất lượng hơn,1
Nên test infinity nikki nhé,2
oppo find x9 có  chụp đẹp với chơi game ngon không ạ,2
fps 54-60 là quá ok,2
20 phút tụt có 5% pin. Tôi thích em. Hahahaha,2
"test wuthering wave đi a, hiệu ứng nặng hơn genshin nhiều",0
"Góp ý xíu là admin test bên ngoài map, đặc biệt là map mới ra, chứ đi đánh mấy con quái ở trong 1 khu vực thì nó ko nặng bằng đâu",2
"em chúc anh và gia đình nhiều sức khỏe. em đang cần một con máy dùng để chơi game máy chính hãng ram rom cao,pin trâu bền và chắc chắn dùng trong khoảng 4 năm em đang dùng con Vsmart aris đã bị chai 28% pin mong anh rep cảm ơn anh nhiều ạ",2
"Em chào anh Dương ạ, em muốn 1 con thoại phụ áp ngân hàng lướt web ạ, em đang phân vân 12mini hoặc se3 hay cố thêm tầm 1tr5 để lên 13mini ạ, em cảm ơn chúc anh sức khỏe ạ❤",2
Mượt hơn cả sunsilk 😂😂,2
Chơi duty đó em.nó chỉ có 43gb thôi à.nhẹ lắm,2
"Viên màn hình mỏng điên , chắc đây là giới hạn tối đa rồi nhỉ? Liệu 2 năm nữa có thể loại bỏ hoàn toàn viên đen ko",0
Tại sao chú dương dê kh tset mà để Amikha test vậy,0
wuthering waves nặng gấp 2 lần,0
thua Redmi note 13 pro của tôi hết 😂,2
"Anh Dương và mọi người cho em xin lời khuyên với ạ . Tài chính em có 7tr , nhu cầu của em là sử dụng tác vụ bình thường hằng ngày, không chậm thông báo từ các app, xem phim , chụp ảnh bình thường, thi thoảng có chơi 1 vài trận game như liên quân , pubg , tốc chiến. Vậy em nên chọn Ss A56 cũ , ss a36 , Xiaomi redmi note 14pro+ cũ , hay là Xiaomi 14T 5g cũ ạ ? Em cảm ơn A Dương và mọi người trước ạ.",1
Mong chú Dương Dê làm clip Speed test giữa iPhone 17 Pro Max và OPPO Find X9 Pro,0
❤,2
"Cho một like, nhưng nếu là Snapdragon thì thích hơn 😂",2
Tham khảo Redmi K90 Pro Max: https://dienthoaihay.vn/xiaomi/xiaomi-redmi-k90-pro-max-p987.html,1
Cùng tầm giá nên chọn em này hay xiaomi 14 vậy mn?,1
lâu,1
😳,2
"Tưởng loa hay thế nào mua về thất vọng v, nghe thua con ip15",0
9 hang hả xách tay z,0
"Lạy hồn,antutu gấp 13 lần redmi 10c snap680 chiến game pes  của tôi 🗿🗿🗿🗿🗿🗿🗿",0
Better than gt 8 pro in gaming?,0
game này là game gi ae,2
Dạ chú Dương cho con hỏi là Oppo find x8 ( hàng cũ)và Xiaomi 15 T pro thì con nên mua mấy nào . Mặc dù chip pin sạc thì rất ngang nhau. Con chủ yếu chơi liên quân pin trâu và sạc nhanh là đc rồi và thông báo tốt,2
iPhone 15 pro giờ còn hàng mới không nhỉ,2
"Em đố anh Dương và ekip review điện thoại. Anh mở luôn nắp lưng và tháo Linh kiện, review luôn linh kiện bên trong của sản phẩm 😅",2
A ơi tư vấn giúp em con đt nào tầm giá dưới 10tr chơi game ngon chụp hình đẹp mong a tư vấn ạ,2
"Cho mình hỏi S23 ultra 512 người quen dùng đã thay màn hình do vỡ và pin tất cả chính hãng ngoại hình  còn mới 98% bán giá 10 triệu có nên mua ko ạ,Thank trước.",1
"cháu chào chú, nhờ chú tư vấn giúp, cháu đang muốn trải nghiệm dòng điện thoại gập (mua cũ), cháu đang phân vân giữa 2 con máy cùng tầm tiền đó là samsung zflip 5 và oppo find n3 flip. Hay nên cố thêm xíu mua con oppo find n1 (fold) để tăng tính thực dụng của màn trong, màn ngoài và chấp nhận con chip 888 đã cũ. Nhu cầu của cháu bao gồm tác vụ hàng ngày, chụp ảnh và chơi game vừa (tft, tốc chiến). Tiện đây có nên mua dòng gập samsung đã thay cáp không ạ, cháu thấy bảo thay cáp xong sẽ dùng bền hơn. Cảm ơn chú tư vấn ạ, chúc chú và gia đình sức khoẻ",1
Test honor magic 8 pro đi anh,2
"Chào anh, thị trường điện thoại tầm giá 5tr-5tr5 thì có sản phẩm nào ngon anh nhỉ. Không phân biệt cũ mới hay chính hãng gì cả ạ.",1
Chắc bóp độ sáng để đổi lấy hiệu năng mà nhiệt bình thường á,1
"Chào a, ecmt đầuu",2
"Meizu Mblu Note 21 Pro : https://cellphones.com.vn/dien-thoai-meizu-mblu-note-21-pro.html?utm_source=pr&utm_medium=DuongDe&utm_campaign=dien-thoai-meizu-mblu-note-21-pro.html_03102025
Galaxy A06 : https://cellphones.com.vn/dien-thoai-samsung-galaxy-a06-5g.html?utm_source=pr&utm_medium=DuongDe&utm_campaign=dien-thoai-samsung-galaxy-a06-5g.html_09042025",1
hay,2
Giao diện mình thấy a16 đẹp hơn meizu cam cứ to to mất cân đối á,2
"Mua Redmi Pad Pro giá hơn 5tr (săn sale thì 4.x) ngon hơn chứ, với lại Tab A9+ giờ còn rẻ hơn A11 thì tội gì phải mua nó!?",0
"cháu chào chú Dương ạ, cháu đang là hs, có khoảng 6tr, muốn mua 1 chiếc galaxy z flip5 thì mua ở đâu giá rẻ, chất lượng và uy tín ạ. cháu cảm ơn, chúc chũ nhiều sk ạ",2
"Dưới 4m,iqoo z9x 3m3 vẫn ngon,chơi game tầm trug cũg ổn 👾",2
Samsung A16 4G chỉ dành cho người lớn tuổi.Lâu lâu hay bị lag nhẹ,0
"4:48 
Thương hiệu có giá trị gì vậy ???",2
4 tr trở xuống thấy spark 40 pro thấy ổn hơn,2
Chuẩn bị có Motorola,2
Anh oi minh co nen mua may tai cua hang didongthongminh khong a,2
Chú Dương tư vấn con máy 7-8tr chụp ảnh đẹp dung lượng  cao tối thiểu 256GB ạ con mua cho mẹ dùng lm vc ạ,2
4tr mua sách tay hoặc máy cũ😂😂,2
"Hơi khó nhưng tui nghĩ nên chọn máy Tàu 
Samsung thì ăn tiền ở cái là cam kết update lâu dài với phần mềm ko có rác , xài rất thoải mái nhưng giá rẻ thì thông số bao giờ cũng thua so vs đối thủ trung quốc khá nhiều . Sản phẩm phù hợp cho phụ huynh thích chậm chớ nếu ae là người năng động , sống nhanh thì k nên chọn 
Về lâu dài thì một chiếc máy Tàu có thông số ngon vẫn sẽ đảm nhiệm tốt 4-5 năm 
Tui có con Redmi Note 7 Pro đến giờ vẫn dùng ổn",1
"Bây giờ 4tr mua được A17 8/128 lun rồi chứ, A16 4/128 có nơi bán 2.8tr thui kìa!",1
"chú dương ơi cháu đang có khoảng 8-13 tr và cần mua một máy phục vụ học tập và chơi game ạ ( cháu thì mua máy chính hãng và ko thích iphone) cháu có nhu cầu dung khoảng 3-4 năm , chú tư vấn cho cháu ạ ,  cháu chúc chú có nhiều sức khỏe ạ",2
4 tr mua máy tàu chính hãng mới dùng vẫn sướng hơn 👍,2
Meizu ngon hơn,2
"Tầm 4tr hơn chút xíu, máy chính hãng thì mình thấy có:
- A06 5G 6/128 (TGDĐ 4tr110)
- Redmi 13x hoặc Redmi 13
- Tecno Spark 40 Pro
=> Thấy mỗi 3 con này là ổn áp nhất 😅",2
Meizu lucky 08 có hơn 3 tr thôi,1
Ss quả màn hình giá rẻ nó chán kinh.vẫn giọt nước😂,0
anh dương ơi e có câu hỏi này thắc mắc con s25 plus bây giờ upd lên one ui 8 thì hiệu năng nó vẫn bị bóp kh a,2
"Mình muốn mua máy phụ. Nhu cầu là hđh ổn, kh chậm thông báo, kh game, sóng ok. Thì nên chọn s25 hay s23 ult ạ? Chỉ chọn chính hãng, cũ mới đều được.",1
Meizu có giao diện đẹp phết,2
😊😊😊,2
"Anh em vào link trên màn hình luôn nhé, áp thêm các voucher vào thì giá còn tốt nữa.",1
Em chào ah dương ngày mới chúc ah và GĐ thật nhiều sức khỏe a hiện tại e đang có 12tr nên mua iPhone 14pro hay nên mua xiaomi 15T a mong ah TV giúp em ạ em cảm ơn nhiều ❤,2
"Ai muốn chụp ảnh thì đừng nên chọn con poco m7 ,mấy con poco xiaomi ,giá rẻ tâm trung, chụp ảnh xấu thôi rồi",0
Poco m7 màn hình vàng khè.cam xấu .đc cái poco sạc ngon.màn hình mượt,0
"T chọn Xiaomi hơn là Samsung vì hộp phụ kiện , sạc nhanh hơn , hiệu năng nhỉnh hơn tí , đỡ lo màn hình hơn😂",2
"mua đồ dùng mà không tìm các thương hiệu uy tín  và nổi tiếng...thì chỉ có mấy chú tiền nhiều mà thôi, xài khoảng vài tháng là bỏ",0
con a17 lưng đẹp mà cái màn làm chán quá,0
"Poco là dòng điện thoại tệ hại nhất trong cái tệ hại, chậm hơn con rùa. Ai thích thì cứ trải nghiệm cho biết",0
dimen7025u trên poco m7 pro sao k có điểm gpu nhỉ,1
Giọt nước thì bỏ qua 😂,2
Sắp 2026 rồi vẫn giọt lệ 😂,2
Sao em hỏi chị gg antutu chip dimensity 7025 ultra có 460000-490000 điểm vậy,0
Khó chọn nhỉ 😢😢😢😢,2
Anh Dương ơi cho em hỏi là nếu tài chính 8-9tr thì nên mua ip hay anroi ạ. Nếu mua thì mua máy nào ạ. Anh tư vấn giúp em với ạ.chúc anh và gia đình sức khỏe ạ,2
Muốn mua cho mẹ cái đth nào giá tầm 4-5tr ngon nhất ae. Mẹ mình sài những tác vụ cơ bản như Fb Youtube thôi. Chíp ổn màn hình đẹp pin trâu tý là ok ạ,2
"Poco M7 pro 5G , có phải là redmi note 14 5g phải không anh Dương?",2
"anh ơi giúp e tìm đth nào ngon nhất trog tầm giá 7 triệu trở xuống với ạ, k quan trọng hàng trung quốc ạ mong anh rep!
chúc anh và gđình luôn mạnh khỏe ạ",2
"So sánh làm gì cho mất thời gian anh,chỉ có những người không hiểu biết về thông số điện thoại hoặc qua miệng của nhân viên Tdgd mới chọn a17",2
"Áp mã còn 4tr370, nên mua ko ae =))",2
Nhìn con poco sao giống con redmi note 13 5G vậy,0
